ID,Category,English,Nepali,Review,Source
"ui._winner_6d1c0ab3","callbreak",", winner","","ui","client/src/screens/LiveGameTable.tsx:183"
"ui.value_value_value_tricks_completed_d8251bc4","callbreak","{{value1}} · {{value2}}/{{value3}} tricks completed","","ui","client/src/components/DealStatusPanel.tsx:28"
"ui.value_trick_value_of_value_value_value_cards_played_8804fbc9","callbreak","{{value1}} · Trick {{value2}} of {{value3}} · {{value4}}/{{value5}} cards played","","ui","client/src/components/DealStatusPanel.tsx:25"
"ui.value_cards_only_visible_to_you_fe55d797","callbreak","{{value1}} cards · Only visible to you","","ui","client/src/screens/CallBreakTableScreen.tsx:46"
"ui.value_cards_left_ba54d32d","callbreak","{{value1}} cards left","","ui","client/src/components/DealStatusPanel.tsx:54"
"ui.value_is_revealed_reveal_the_next_card_in_dealt_order_a2844694","callbreak","{{value1}} is revealed. Reveal the next card in dealt order.","","ui","client/src/components/PlayerHand.tsx:125"
"ui.value_leads_first_88701a8f","callbreak","{{value1}} leads first.","","candidate","client/src/screens/LiveGameTable.tsx:196"
"ui.value_of_value_f0c31ce6","callbreak","{{value1}} of {{value2}}","","ui","client/src/components/PlayerHand.tsx:106"
"ui.value_view_a743a30d","callbreak","{{value1}} view","","ui","client/src/components/PlayerHand.tsx:180"
"ui.value_wins_trick_value_670fa3f0","callbreak","{{value1}} wins trick {{value2}}","","ui","client/src/screens/LiveGameTable.tsx:168"
"ui.value_value_cards_fcdf733b","callbreak","{{value1}}, {{value2}} cards","","ui","client/src/components/PlayerHand.tsx:158"
"ui.value_value_67bfcacc","callbreak","{{value1}}: {{value2}}","","ui","client/src/components/DealStatusPanel.tsx:28; client/src/multiplayer/roundFlow.ts:14"
"ui.valuewaiting_for_value_to_bid_1fc40e3f","callbreak","{{value1}}Waiting for {{value2}} to bid.","","candidate","client/src/components/LiveBidPrompt.tsx:23"
"ui._back_to_lobby_dde17ad7","callbreak","← Back to lobby","","ui","client/src/screens/CallBreakTableScreen.tsx:39"
"ui.accept_hand_398d4c01","callbreak","Accept hand","","candidate","client/src/screens/LiveGameTable.tsx:199"
"ui.accept_your_hand_or_request_a_redeal_if_eligible_4e90c680","callbreak","Accept your hand, or request a redeal if eligible.","","ui","client/src/multiplayer/roundFlow.ts:20"
"ui.all_d87c4480","callbreak","all","","ui","client/src/components/PlayerHand.tsx:158"
"ui.all_hands_played_ae542d93","callbreak","All hands played","","candidate","client/src/components/DealStatusPanel.tsx:28"
"ui.all_suits_58728179","callbreak","All suits","","ui","client/src/components/PlayerHand.tsx:158"
"ui.bid_ce75bff8","callbreak","Bid","","candidate","client/src/components/RoundSummary.tsx:21; client/src/multiplayer/roundFlow.ts:1"
"ui.bid_value_00a94760","callbreak; shared","Bid {{value1}}","","ui","client/src/components/DealStatusPanel.tsx:52; client/src/components/GameDetails.tsx:47"
"ui.bidding_39e5b462","callbreak","Bidding","","candidate","client/src/components/LiveBidPrompt.tsx:19"
"ui.bidding_begins_when_everyone_accepts_69f461d1","callbreak","Bidding begins when everyone accepts.","","ui","client/src/multiplayer/roundFlow.ts:20"
"ui.bidding_complete_value_d7339a35","callbreak","Bidding complete. {{value1}}","","ui","client/src/screens/LiveGameTable.tsx:196"
"ui.bids_value_total_value_available_tricks_06667902","callbreak","Bids · {{value1}} total / {{value2}} available tricks","","ui","client/src/components/DealStatusPanel.tsx:36"
"ui.call_break_deal_1_of_5_spades_trump_d1e7f7b0","callbreak","Call Break · Deal 1 of 5 · Spades trump","","ui","client/src/screens/CallBreakTableScreen.tsx:41"
"ui.cancel_card_selection_aa7b96ff","callbreak","Cancel card selection","","ui","client/src/components/PlayerHand.tsx:148"
"ui.card_grid_7e900370","callbreak","Card grid","","ui","client/src/components/PlayerHand.tsx:102; client/src/components/PlayerHand.tsx:180"
"ui.card_placed_preview_paused_b2b2bc53","callbreak","Card placed · preview paused","","candidate","client/src/screens/CallBreakTableScreen.tsx:44"
"ui.choose_a_bid_85439931","callbreak","choose a bid","","candidate","client/src/multiplayer/roundFlow.ts:21"
"ui.choose_how_many_tricks_you_will_win_then_confirm_c6a87c04","callbreak","Choose how many tricks you will win, then confirm.","","candidate","client/src/multiplayer/roundFlow.ts:21"
"ui.clubs_1be893ca","callbreak; marriage","Clubs","","candidate","client/src/components/PlayerHand.tsx:21; client/src/multiplayer/marriage.ts:21; client/src/multiplayer/marriageArrangement.ts:20"
"ui.confirm_bid_2bb0c543","callbreak","Confirm bid","","candidate","client/src/components/LiveBidPrompt.tsx:28"
"ui.current_deal_3263eae7","callbreak","Current deal","","ui","client/src/components/DealStatusPanel.tsx:22"
"ui.current_deal_player_bids_690f2a03","callbreak","Current deal player bids","","ui","client/src/components/DealStatusPanel.tsx:46"
"ui.current_turn_b879834b","callbreak","Current turn","","candidate","client/src/components/DealStatusPanel.tsx:28; client/src/components/DealStatusPanel.tsx:55"
"ui.cut_38d13bda","callbreak","Cut","","candidate","client/src/multiplayer/roundFlow.ts:1"
"ui.cut_in_half_or_skip_the_cut_0c6428f1","callbreak","Cut in half or skip the cut.","","candidate","client/src/multiplayer/roundFlow.ts:18"
"ui.cut_the_deck_5a2ab5ab","callbreak","cut the deck","","candidate","client/src/multiplayer/roundFlow.ts:18"
"ui.deal_value_complete_ccf8fac6","callbreak","Deal {{value1}} complete","","ui","client/src/components/RoundSummary.tsx:19"
"ui.deal_value_of_5_value_value_tricks_completed_spades_tru_c898fbab","callbreak","Deal {{value1}} of 5 · {{value2}}/{{value3}} tricks completed · Spades trump","","ui","client/src/screens/LiveGameTable.tsx:161"
"ui.deal_complete_dc82daa0","callbreak","Deal complete","","ui","client/src/components/DealStatusPanel.tsx:26; client/src/multiplayer/roundFlow.ts:27"
"ui.deal_the_cards_a43ce271","callbreak","deal the cards","","candidate","client/src/multiplayer/roundFlow.ts:19"
"ui.decrease_bid_46e53040","callbreak","Decrease bid","","ui","client/src/components/LiveBidPrompt.tsx:25"
"ui.diamonds_66aa2c27","callbreak; marriage","Diamonds","","candidate","client/src/components/PlayerHand.tsx:21; client/src/multiplayer/marriage.ts:21; client/src/multiplayer/marriageArrangement.ts:20"
"ui.each_player_confirms_their_bid_and_taps_a_card_to_play_8b75f8c8","callbreak","Each player confirms their bid and taps a card to play. No turn time limit.","","ui","client/src/screens/LiveGameTable.tsx:129"
"ui.everyone_is_here_the_first_dealer_will_be_chosen_at_ran_e877f514","callbreak","Everyone is here. The first dealer will be chosen at random.","","candidate","client/src/screens/LiveGameTable.tsx:128"
"ui.fan_28994411","callbreak","fan","","ui","client/src/components/PlayerHand.tsx:180"
"ui.filter_hand_by_suit_6f5996d5","callbreak","Filter hand by suit","","ui","client/src/components/PlayerHand.tsx:155"
"ui.final_scores_206bf327","callbreak","Final scores","","ui","client/src/components/RoundSummary.tsx:19"
"ui.final_scores_after_five_deals_96e5acd4","callbreak","Final scores after five deals.","","ui","client/src/multiplayer/roundFlow.ts:28"
"ui.flip_all_d194b848","callbreak","Flip all","","ui","client/src/components/PlayerHand.tsx:153"
"ui.flip_all_cards_e9321d10","callbreak","Flip all cards","","ui","client/src/components/PlayerHand.tsx:153"
"ui.flip_all_cards_or_reveal_them_one_at_a_time_before_choo_22c293c7","callbreak","Flip all cards or reveal them one at a time before choosing your bid.","","candidate","client/src/components/LiveBidPrompt.tsx:22"
"ui.follow_value_if_you_can_select_a_legal_card_then_confir_45a792b5","callbreak","Follow {{value1}} if you can. Select a legal card, then confirm Play.","","candidate","client/src/multiplayer/roundFlow.ts:25"
"ui.grid_701c483f","callbreak","Grid","","candidate","client/src/components/PlayerHand.tsx:183"
"ui.hand_options_64d0cf75","callbreak","Hand options","","ui","client/src/components/PlayerHand.tsx:166"
"ui.hand_view_a48cd096","callbreak","Hand view","","ui","client/src/components/PlayerHand.tsx:178"
"ui.hearts_99f9bf69","callbreak; marriage","Hearts","","candidate","client/src/components/PlayerHand.tsx:21; client/src/multiplayer/marriage.ts:21; client/src/multiplayer/marriageArrangement.ts:20"
"ui.hide_bids_and_player_status_bdf5742b","callbreak","Hide bids and player status","","candidate","client/src/components/DealStatusPanel.tsx:31"
"ui.how_many_tricks_will_you_win_bcc7bd2d","callbreak","How many tricks will you win?","","candidate","client/src/components/LiveBidPrompt.tsx:22"
"ui.increase_bid_8b31100d","callbreak","Increase bid","","ui","client/src/components/LiveBidPrompt.tsx:27"
"ui.keep_your_seat_for_the_next_match_or_choose_leave_seat_9cbf8b5a","callbreak","Keep your seat for the next match, or choose Leave Seat above. The host can prepare the next match when every seat is filled.","","ui","client/src/components/RoundSummary.tsx:31"
"ui.last_trick_9b88cfe4","callbreak","Last trick","","ui","client/src/screens/LiveGameTable.tsx:176"
"ui.last_trick_value_won_da02fbb2","callbreak","Last trick - {{value1}} won","","ui","client/src/screens/LiveGameTable.tsx:178"
"ui.layout_preview_with_sample_cards_and_seats_card_placeme_2ecde569","callbreak","Layout preview with sample cards and seats. Card placement is local; turns and game rules aren’t connected yet.","","ui","client/src/screens/CallBreakTableScreen.tsx:62"
"ui.make_your_call_54a0d793","callbreak","Make your call","","candidate","client/src/components/LiveBidPrompt.tsx:19; client/src/screens/LiveGameTable.tsx:194"
"ui.match_complete_3f7c3259","callbreak","Match complete","","ui","client/src/multiplayer/roundFlow.ts:28"
"ui.next_bids_7a22ed43","callbreak","Next bids","","ui","client/src/components/DealStatusPanel.tsx:41"
"ui.next_turn_c6ba2883","callbreak","Next turn","","candidate","client/src/components/DealStatusPanel.tsx:28; client/src/components/DealStatusPanel.tsx:55"
"ui.no_value_left_choose_another_suit_294345d1","callbreak","No {{value1}} left. Choose another suit.","","candidate","client/src/components/PlayerHand.tsx:150"
"ui.no_cards_in_your_hand_5faf6a84","callbreak","No cards in your hand.","","candidate","client/src/components/PlayerHand.tsx:150"
"ui.place_value_on_the_table_d5687d7c","callbreak","Place {{value1}} on the table","","candidate","client/src/screens/CallBreakTableScreen.tsx:60"
"ui.place_selected_card_fe6485a2","callbreak","Place selected card","","ui","client/src/screens/CallBreakTableScreen.tsx:56"
"ui.play_5d12bd53","callbreak","Play","","candidate","client/src/multiplayer/roundFlow.ts:1"
"ui.play_value_9bdd6cd6","callbreak","Play {{value1}}","","ui","client/src/components/PlayerHand.tsx:145; client/src/screens/LiveGameTable.tsx:187"
"ui.play_valuevalue_9f80996a","callbreak","Play {{value1}}{{value2}}","","ui","client/src/components/PlayerHand.tsx:146"
"ui.play_a_card_050256a8","callbreak","play a card","","candidate","client/src/multiplayer/roundFlow.ts:25"
"ui.play_a_card_cf2de2a6","callbreak","Play a card","","candidate","client/src/screens/LiveGameTable.tsx:194"
"ui.playing_298c3905","callbreak; rooms-and-tables","Playing","","candidate","client/src/components/DealStatusPanel.tsx:26; client/src/multiplayer/tableNavigation.ts:20; client/src/screens/LobbyScreen.tsx:118"
"ui.poke_sent_to_value_191c4d3a","callbreak","Poke sent to {{value1}} ✦","","ui","client/src/screens/LiveGameTable.tsx:120"
"ui.preparing_the_deal_76e338c1","callbreak","Preparing the deal","","ui","client/src/multiplayer/roundFlow.ts:29"
"ui.preparing_the_deck_9f89203d","callbreak","Preparing the deck.","","ui","client/src/multiplayer/roundFlow.ts:17"
"ui.preview_paused_cbb244a1","callbreak","Preview paused","","candidate","client/src/components/DealStatusPanel.tsx:26"
"ui.previous_bids_6eba284f","callbreak","Previous bids","","ui","client/src/components/DealStatusPanel.tsx:38"
"ui.request_redeal_4ece36d9","callbreak","Request redeal","","candidate","client/src/screens/LiveGameTable.tsx:199"
"ui.reset_table_preview_bb0f42fd","callbreak","Reset table preview","","ui","client/src/screens/CallBreakTableScreen.tsx:56; client/src/screens/CallBreakTableScreen.tsx:60"
"ui.reveal_card_value_369c7eaa","callbreak","Reveal card {{value1}}","","ui","client/src/components/PlayerHand.tsx:105"
"ui.reveal_next_60baea6a","callbreak","Reveal next","","ui","client/src/components/PlayerHand.tsx:152"
"ui.reveal_next_card_ea415408","callbreak","Reveal next card","","ui","client/src/components/PlayerHand.tsx:152"
"ui.reveal_next_card_from_position_value_376d19d8","callbreak","Reveal next card from position {{value1}}","","ui","client/src/components/PlayerHand.tsx:124"
"ui.reveal_the_next_card_in_dealt_order_without_playing_it_fbc65a27","callbreak","Reveal the next card in dealt order without playing it","","ui","client/src/components/PlayerHand.tsx:125"
"ui.reveal_your_hand_a170c2f3","callbreak","Reveal your hand","","candidate","client/src/components/LiveBidPrompt.tsx:19"
"ui.review_the_scores_before_the_next_deal_70c2dde5","callbreak","Review the scores before the next deal.","","ui","client/src/multiplayer/roundFlow.ts:27"
"ui.review_your_cards_accept_or_request_redeal_b1b9e584","callbreak","Review your cards · Accept or request redeal","","candidate","client/src/screens/LiveGameTable.tsx:194"
"ui.review_your_cards_while_the_remaining_players_bid_225a1f8b","callbreak","Review your cards while the remaining players bid.","","candidate","client/src/multiplayer/roundFlow.ts:21"
"ui.review_your_hand_776ea244","callbreak","Review your hand","","ui","client/src/multiplayer/roundFlow.ts:20"
"ui.round_complete_call_break_3bf2c4e9","callbreak","Round complete · Call Break","","ui","client/src/components/RoundSummary.tsx:20"
"ui.s_a0f1490a","callbreak","s","","ui","client/src/components/RoundSummary.tsx:20"
"ui.scores_126cb932","callbreak","Scores","","candidate","client/src/multiplayer/roundFlow.ts:1"
"ui.select_value_503f816f","callbreak","Select {{value1}}","","ui","client/src/components/PlayerHand.tsx:105; client/src/components/PlayerHand.tsx:124; client/src/screens/CallBreakTableScreen.tsx:48"
"ui.select_a_card_to_place_bbd5ce1e","callbreak","Select a card to place","","candidate","client/src/screens/CallBreakTableScreen.tsx:60"
"ui.selected_bid_value_483209dd","callbreak","Selected bid {{value1}}","","ui","client/src/components/LiveBidPrompt.tsx:26"
"ui.sent_to_the_table_443b1159","callbreak","Sent to the table ✦","","ui","client/src/screens/LiveGameTable.tsx:120"
"ui.show_cards_d2c1837a","callbreak; marriage","Show cards","","ui","client/src/components/PlayerHand.tsx:95; client/src/components/PlayerHand.tsx:95; client/src/screens/MarriageTable.tsx:159"
"ui.shuffle_5b772b7b","callbreak","Shuffle","","candidate","client/src/multiplayer/roundFlow.ts:1"
"ui.shuffle_deck_ddde82d8","callbreak","Shuffle deck","","ui","client/src/screens/LiveGameTable.tsx:148"
"ui.shuffle_suits_03fbf40d","callbreak","Shuffle suits","","ui","client/src/components/PlayerHand.tsx:174; client/src/components/PlayerHand.tsx:175"
"ui.shuffle_the_deck_e9358ee1","callbreak","shuffle the deck","","candidate","client/src/multiplayer/roundFlow.ts:16"
"ui.shuffling_60d79394","callbreak","Shuffling","","ui","client/src/multiplayer/roundFlow.ts:17"
"ui.sorted_fan_ac1731f4","callbreak","Sorted fan","","ui","client/src/components/PlayerHand.tsx:180; client/src/components/PlayerHand.tsx:183"
"ui.spades_7d06baf9","callbreak; marriage","Spades","","candidate","client/src/components/PlayerHand.tsx:21; client/src/multiplayer/marriage.ts:21; client/src/multiplayer/marriageArrangement.ts:20"
"ui.spectator_view_6c0283ef","callbreak","Spectator view","","candidate","client/src/screens/LiveGameTable.tsx:200"
"ui.start_a_new_game_2d97aab2","callbreak; rooms-and-tables","Start a new game","","candidate","client/src/components/RoundSummary.tsx:32; client/src/components/TableStartCue.tsx:20"
"ui.start_next_deal_f9756666","callbreak","Start next deal","","ui","client/src/components/RoundSummary.tsx:32; client/src/screens/LiveGameTable.tsx:136"
"ui.suit_fan_18c00586","callbreak","Suit fan","","ui","client/src/components/PlayerHand.tsx:180; client/src/components/PlayerHand.tsx:183"
"ui.suits_df78d3c5","callbreak","suits","","ui","client/src/components/PlayerHand.tsx:180"
"ui.swipe_or_use_the_arrows_to_see_every_player_s_bid_f7d64017","callbreak","Swipe or use the arrows to see every player’s bid.","","ui","client/src/components/DealStatusPanel.tsx:58"
"ui.swipe_your_hand_to_see_every_card_b673803f","callbreak","Swipe your hand to see every card.","","ui","client/src/screens/CallBreakTableScreen.tsx:55"
"ui.taken_c66c12b9","callbreak","Taken","","candidate","client/src/components/RoundSummary.tsx:21"
"ui.tap_the_arc_to_reveal_the_next_card_value_value_reveale_0b537ff0","callbreak","Tap the arc to reveal the next card. {{value1}}/{{value2}} revealed.","","ui","client/src/components/PlayerHand.tsx:101"
"ui.the_dealer_distributes_one_card_at_a_time_to_each_playe_6b3007ba","callbreak","The dealer distributes one card at a time to each player.","","candidate","client/src/multiplayer/roundFlow.ts:19"
"ui.the_dealer_shuffles_to_begin_this_deal_4574966a","callbreak","The dealer shuffles to begin this deal.","","candidate","client/src/multiplayer/roundFlow.ts:16"
"ui.turn_this_card_face_up_without_playing_it_14e737fa","callbreak","Turn this card face up without playing it","","ui","client/src/components/PlayerHand.tsx:106"
"ui.view_bids_and_player_status_dc69f389","callbreak","View bids and player status","","candidate","client/src/components/DealStatusPanel.tsx:31"
"ui.waiting_33d30632","callbreak; rooms-and-tables","Waiting","","candidate","client/src/components/DealStatusPanel.tsx:55; client/src/screens/LobbyScreen.tsx:118"
"ui.waiting_for_everyone_to_take_a_seat_ef65a4b7","callbreak","Waiting for everyone to take a seat.","","candidate","client/src/screens/LiveGameTable.tsx:128"
"ui.waiting_for_hand_review_a9beae0b","callbreak","Waiting for hand review","","ui","client/src/multiplayer/roundFlow.ts:20"
"ui.waiting_for_the_creator_to_start_the_next_deal_440f15ab","callbreak","Waiting for the creator to start the next deal.","","ui","client/src/components/RoundSummary.tsx:33; client/src/screens/LiveGameTable.tsx:137"
"ui.waiting_for_the_table_b6700649","callbreak","Waiting for the table.","","ui","client/src/multiplayer/roundFlow.ts:29"
"ui.watch_the_table_your_legal_cards_light_up_on_your_turn_fbbb75ad","callbreak","Watch the table. Your legal cards light up on your turn.","","candidate","client/src/multiplayer/roundFlow.ts:25"
"ui.winnervalue_value_b86b3f49","callbreak","Winner{{value1}}: {{value2}}","","ui","client/src/components/RoundSummary.tsx:20"
"ui.won_value_need_value_14cf21f6","callbreak","Won {{value1}} · Need {{value2}}","","ui","client/src/components/DealStatusPanel.tsx:53"
"ui.you_lead_first_fd4e12be","callbreak","You lead first.","","candidate","client/src/screens/LiveGameTable.tsx:196"
"ui.you_lead_this_trick_select_a_card_then_confirm_play_58d6205c","callbreak","You lead this trick. Select a card, then confirm Play.","","candidate","client/src/multiplayer/roundFlow.ts:25"
"ui.your_bid_is_submitted_only_when_you_confirm_20f24878","callbreak","Your bid is submitted only when you confirm.","","ui","client/src/components/LiveBidPrompt.tsx:29"
"ui.your_bid_value_341952a5","callbreak","Your bid: {{value1}}.","","candidate","client/src/components/LiveBidPrompt.tsx:23"
"ui.your_face_up_cards_14a70844","callbreak","Your face-up cards","","ui","client/src/screens/CallBreakTableScreen.tsx:47"
"ui.your_hand_2eb97859","callbreak","Your hand","","ui","client/src/screens/CallBreakTableScreen.tsx:46"
"ui.your_hand_value_cards_a8eefe6c","callbreak","Your hand · {{value1}} cards","","candidate","client/src/screens/LiveGameTable.tsx:200"
"ui.your_hand_in_dealt_order_08c9b72c","callbreak","Your hand in dealt order","","ui","client/src/components/PlayerHand.tsx:116"
"ui.your_hand_is_face_down_ee4b7b7e","callbreak","Your hand is face down","","ui","client/src/components/PlayerHand.tsx:86"
"ui.your_hand_grouped_by_suit_value_25173f44","callbreak","Your hand, grouped by suit: {{value1}}","","ui","client/src/components/PlayerHand.tsx:116"
"ui.your_turn_choose_a_card_a9f4c051","callbreak","Your turn · choose a card","","candidate","client/src/screens/CallBreakTableScreen.tsx:44"
"ui.your_turn_value_5ba2e71f","callbreak","Your turn: {{value1}}","","ui","client/src/multiplayer/roundFlow.ts:14"
"ui._bet_value_e3480fc5","flush","· Bet {{value1}}","","candidate","client/src/components/FlushArena.tsx:61"
"ui.value_value_value_7bbf5102","flush","{{value1}} {{value2}}: {{value3}}","","ui","client/src/components/FlushCards.tsx:53"
"ui.value_bets_6613c51e","flush","{{value1}} bets","","ui","client/src/components/FlushArena.tsx:57"
"ui.value_can_fold_or_reveal_their_cards_93bce9e7","flush","{{value1}} can fold or reveal their cards.","","ui","client/src/screens/FlushTable.tsx:252"
"ui.value_card_5f32e7a4","flush","{{value1}} card","","ui","client/src/screens/FlushTable.tsx:262"
"ui.value_shown_card_830b2721","flush","{{value1}} shown card","","ui","client/src/screens/FlushTable.tsx:250"
"ui.value_shows_a85e90c9","flush","{{value1}} shows","","ui","client/src/screens/FlushTable.tsx:249"
"ui.value_no_c3857b33","flush","{{value1}}: No","","candidate","client/src/screens/FlushTable.tsx:156"
"ui.value_yes_a6e2429c","flush","{{value1}}: Yes","","candidate","client/src/screens/FlushTable.tsx:156"
"ui.value_s_shown_hand_6a97ebb2","flush","{{value1}}’s shown hand","","ui","client/src/screens/FlushTable.tsx:262"
"ui.valuewaiting_for_value_c51f242d","flush","{{value1}}Waiting for {{value2}}","","candidate","client/src/screens/FlushTable.tsx:176"
"ui._value_3d5534fc","flush; rooms-and-tables","+{{value1}}","","ui","client/src/components/FlushArena.tsx:82; client/src/components/RoomCard.tsx:56; client/src/components/TableCard.tsx:25; client/src/screens/SharedRoomsScreen.tsx:239"
"ui.a23_first_db32d012","flush","A23 first","","candidate","client/src/screens/FlushTable.tsx:37"
"ui.a23_lowest_85d63646","flush","A23 lowest","","candidate","client/src/screens/FlushTable.tsx:37"
"ui.accept_or_decline_value_s_side_show_212e2928","flush","Accept or decline {{value1}}’s side-show","","candidate","client/src/screens/FlushTable.tsx:172"
"ui.accept_side_show_364f7aaf","flush","Accept side-show","","candidate","client/src/screens/FlushTable.tsx:212"
"ui.ace_sequence_order_08645e75","flush","Ace sequence order","","candidate","client/src/screens/FlushTable.tsx:34"
"ui.akq_first_a23_second_4c64bbc2","flush","AKQ first, A23 second","","candidate","client/src/screens/FlushTable.tsx:37"
"ui.allow_blind_show_a76d0a67","flush","Allow blind show","","candidate","client/src/screens/FlushTable.tsx:32"
"ui.allow_private_side_show_12bc8bdd","flush","Allow private side-show","","candidate","client/src/screens/FlushTable.tsx:28"
"ui.allow_seen_show_6fa7cfe7","flush","Allow seen show","","candidate","client/src/screens/FlushTable.tsx:32"
"ui.bet_40880286","flush","Bet","","candidate","client/src/screens/FlushTable.tsx:137; client/src/screens/FlushTable.tsx:175"
"ui.bet_double_3c9511be","flush","Bet double ·","","candidate","client/src/screens/FlushTable.tsx:137"
"ui.bet_double_value_points_c33eac94","flush","Bet double · {{value1}} points","","candidate","client/src/screens/FlushTable.tsx:207"
"ui.bet_minimum_d8695dd2","flush","Bet minimum ·","","candidate","client/src/screens/FlushTable.tsx:137"
"ui.bet_minimum_value_points_590f0e73","flush","Bet minimum · {{value1}} points","","candidate","client/src/screens/FlushTable.tsx:206"
"ui.bets_value_c7661849","flush","Bets {{value1}}","","ui","client/src/components/FlushArena.tsx:57"
"ui.bets_appear_after_the_game_starts_3e3a20eb","flush","Bets appear after the game starts.","","ui","client/src/components/FlushBetTable.tsx:7"
"ui.blind_dff70db3","flush","Blind","","candidate","client/src/screens/FlushTable.tsx:115; client/src/screens/FlushTable.tsx:137"
"ui.blind_see_cards_when_eligible_ce105222","flush","Blind · See cards when eligible","","ui","client/src/components/FlushCards.tsx:27"
"ui.blind_value_seen_value_2d4b39a1","flush","Blind {{value1}} · Seen {{value2}}","","ui","client/src/components/FlushArena.tsx:43"
"ui.blind_bet_c22c25c3","flush","Blind bet","","candidate","client/src/screens/FlushTable.tsx:29"
"ui.blind_show_at_most_n_active_players_e7c30e2f","flush","Blind show: at most N active players","","candidate","client/src/screens/FlushTable.tsx:31"
"ui.boot_per_player_0_disables_8a5a1139","flush","Boot per player (0 disables)","","candidate","client/src/screens/FlushTable.tsx:29"
"ui.close_bet_b49b9226","flush","Close Bet","","candidate","client/src/screens/FlushTable.tsx:270"
"ui.close_final_show_d0bdaf6b","flush","Close final show","","ui","client/src/screens/FlushTable.tsx:244"
"ui.close_flush_rules_9cdf4a65","flush","Close Flush rules","","ui","client/src/screens/FlushTable.tsx:236"
"ui.continue_2e026239","flush","Continue","","candidate","client/src/screens/FlushTable.tsx:275"
"ui.cut_in_half_04f38eeb","flush; callbreak","Cut in half","","ui","client/src/screens/FlushTable.tsx:145; client/src/screens/LiveGameTable.tsx:149"
"ui.cut_or_skip_16ae351d","flush","Cut or skip","","candidate","client/src/screens/FlushTable.tsx:174"
"ui.d_50c9e8d5","flush","D","","ui","client/src/components/FlushArena.tsx:59"
"ui.deal_cards_8286235a","flush; callbreak","Deal cards","","ui","client/src/screens/FlushTable.tsx:144; client/src/screens/FlushTable.tsx:174; client/src/screens/LiveGameTable.tsx:150"
"ui.dealer_581a9489","flush; shared","Dealer","","ui","client/src/components/FlushArena.tsx:59; client/src/components/PlayerSeat.tsx:49"
"ui.decline_side_show_6b07864c","flush","Decline side-show","","candidate","client/src/screens/FlushTable.tsx:213"
"ui.double_fcc19144","flush","Double ·","","candidate","client/src/screens/FlushTable.tsx:137"
"ui.edits_need_every_seated_player_s_approval_one_rejection_61c8c294","flush","Edits need every seated player’s approval. One rejection keeps the current rules.","","candidate","client/src/screens/FlushTable.tsx:163"
"ui.empty_3159fe42","flush; shared","Empty","","ui","client/src/components/FlushArena.tsx:47; client/src/components/TableSeatLayout.tsx:22"
"ui.empty_seat_a37d5fa3","flush; shared","Empty seat","","ui","client/src/components/FlushArena.tsx:47; client/src/components/TableSeatLayout.tsx:22"
"ui.enter_whole_nonnegative_point_amounts_and_counts_b6235c61","flush","Enter whole, nonnegative point amounts and counts.","","candidate","client/src/screens/FlushTable.tsx:85"
"ui.equal_hands_d9e884af","flush","Equal hands","","candidate","client/src/screens/FlushTable.tsx:34"
"ui.every_player_pays_the_boot_each_hand_0_disables_it_bett_7191d01f","flush","Every player pays the boot each hand (0 disables it). Betting is unbounded. Contributions and winnings are recorded as points for settlement after play.","","ui","client/src/screens/FlushTable.tsx:150"
"ui.final_show_67671ace","flush","Final show","","candidate","client/src/screens/FlushTable.tsx:243"
"ui.flip_value_value_dc41fcd6","flush","Flip {{value1}} {{value2}}","","ui","client/src/components/FlushCards.tsx:53"
"ui.flip_value_s_cards_4b3427df","flush","Flip {{value1}}’s cards","","ui","client/src/screens/FlushTable.tsx:230"
"ui.flush_rules_4dd0c3f9","flush","Flush rules","","ui","client/src/screens/FlushTable.tsx:236"
"ui.fold_b6ba0db1","flush; marriage","Fold","","candidate","client/src/screens/FlushTable.tsx:175; client/src/screens/FlushTable.tsx:215; client/src/screens/FlushTable.tsx:253; client/src/screens/MarriageTable.tsx:156"
"ui.folded_20c1bed4","flush; marriage","Folded","","candidate","client/src/components/FlushArena.tsx:61; client/src/components/MarriagePlayers.tsx:17"
"ui.folded_24006636","flush","Folded ·","","candidate","client/src/screens/FlushTable.tsx:176"
"ui.hide_action_help_5d34372f","flush","Hide action help","","candidate","client/src/screens/FlushTable.tsx:220"
"ui.hide_cards_5803b7dc","flush; callbreak; marriage","Hide cards","","ui","client/src/components/FlushCards.tsx:21; client/src/components/PlayerHand.tsx:173; client/src/components/PlayerHand.tsx:173; client/src/screens/MarriageTable.tsx:159"
"ui.lock_table_11c36916","flush","Lock table","","ui","client/src/components/FlushLockButton.tsx:4"
"ui.maximum_players_ce7504c9","flush","Maximum players","","candidate","client/src/screens/FlushTable.tsx:33"
"ui.minimum_players_1814f752","flush","Minimum players","","candidate","client/src/screens/FlushTable.tsx:33"
"ui.new_rules_can_be_chosen_for_the_next_game_18f25807","flush","New rules can be chosen for the next game.","","candidate","client/src/screens/FlushTable.tsx:163"
"ui.opponent_card_eb6855ec","flush","Opponent card","","ui","client/src/screens/FlushTable.tsx:231"
"ui.payout_9bb39694","flush","Payout","","candidate","client/src/screens/FlushTable.tsx:255"
"ui.personal_bets_before_side_show_c97e1e3e","flush","Personal bets before side-show","","candidate","client/src/screens/FlushTable.tsx:30"
"ui.personal_blind_bets_before_show_917dde0d","flush","Personal blind bets before show","","candidate","client/src/screens/FlushTable.tsx:31"
"ui.player_e53407cf","flush; social; rooms-and-tables; scores-and-ledger","Player","","candidate","client/src/components/FlushBetTable.tsx:13; client/src/components/FriendsPanel.tsx:16; client/src/components/RoomGameControl.tsx:391; client/src/components/RoundResultsTable.tsx:9; client/src/screens/SharedRoomsScreen.tsx:403"
"ui.player_value_b1bcdaac","flush; shared; callbreak; marriage; scores-and-ledger; social; rooms-and-tables","Player {{value1}}","","ui","client/src/components/FlushArena.tsx:49; client/src/components/FlushBetTable.tsx:16; client/src/components/GameDetails.tsx:28; client/src/components/GameDetails.tsx:29; client/src/components/GameDetails.tsx:46; client/src/components/GameHistory.tsx:8; client/src/components/GameMenu.tsx:45; client/src/components/LiveBidPrompt.tsx:16; client/src/components/MarriageAnnouncements.tsx:47; client/src/components/MarriageAnnouncements.tsx:67; client/src/components/MarriagePlayers.tsx:19; client/src/components/MarriageScoring.tsx:71; client/src/components/MarriageScoring.tsx:83; client/src/components/PokeComposer.tsx:22; client/src/components/PokeOverlay.tsx:34; client/src/components/RoomLedger.tsx:29; client/src/components/RoundSummary.tsx:16; client/src/multiplayer/roundFlow.ts:13; client/src/notifications/gameNotification.ts:33; client/src/screens/FlushTable.tsx:133; client/src/screens/LiveGameTable.tsx:103; client/src/screens/MarriageTable.tsx:74; client/src/screens/SharedRoomsScreen.tsx:293"
"ui.players_may_join_or_leave_now_the_creator_must_lock_the_2a7effaa","flush","Players may join or leave now. The creator must lock the table before the next deal.","","ui","client/src/screens/FlushTable.tsx:263"
"ui.points_819f41f0","flush","points","","ui","client/src/components/FlushArena.tsx:42"
"ui.poke_value_8751ec43","flush; shared; marriage; social","Poke {{value1}}","","ui","client/src/components/FlushArena.tsx:52; client/src/components/GameMenu.tsx:45; client/src/components/MarriagePlayers.tsx:63; client/src/components/PokeComposer.tsx:34; client/src/components/TableSocial.tsx:191; client/src/components/TableSocial.tsx:195"
"ui.private_side_show_c1e1dad2","flush","Private side-show","","ui","client/src/screens/FlushTable.tsx:229"
"ui.propose_flush_rules_2162b509","flush","Propose Flush rules","","candidate","client/src/screens/FlushTable.tsx:237"
"ui.propose_these_changes_for_approval_before_starting_cbb4d6b0","flush","Propose these changes for approval before starting.","","candidate","client/src/screens/FlushTable.tsx:163"
"ui.reconnecting_updating_game_cf796061","flush","Reconnecting… Updating game","","candidate","client/src/screens/FlushTable.tsx:200"
"ui.reload_saved_rules_565e2cf4","flush","Reload saved rules","","candidate","client/src/screens/FlushTable.tsx:237"
"ui.request_side_show_5d26af75","flush","Request side-show","","candidate","client/src/screens/FlushTable.tsx:211"
"ui.results_appear_after_the_first_round_22d47055","flush","Results appear after the first round.","","ui","client/src/components/FlushBetTable.tsx:11"
"ui.reveal_cards_ceaa8577","flush; marriage","Reveal cards","","candidate","client/src/screens/FlushTable.tsx:214; client/src/screens/FlushTable.tsx:253; client/src/screens/MarriageTable.tsx:158"
"ui.reveal_or_fold_3ffb09de","flush","Reveal or fold","","candidate","client/src/screens/FlushTable.tsx:173"
"ui.round_value_f160fcb0","flush","Round {{value1}}","","ui","client/src/components/FlushArena.tsx:43; client/src/components/FlushBetTable.tsx:13"
"ui.round_complete_8105a946","flush","Round complete","","candidate","client/src/screens/FlushTable.tsx:171"
"ui.round_result_95b8142b","flush","Round result","","candidate","client/src/screens/FlushTable.tsx:243"
"ui.rules_before_starting_b132788d","flush","Rules before starting","","candidate","client/src/screens/FlushTable.tsx:149"
"ui.rules_locked_for_this_game_d1bc6928","flush","Rules locked for this game","","candidate","client/src/screens/FlushTable.tsx:149"
"ui.save_or_reload_rule_changes_first_b542e52f","flush","Save or reload rule changes first.","","candidate","client/src/screens/FlushTable.tsx:105"
"ui.saved_rules_changed_reload_before_editing_or_starting_b05d8f51","flush","Saved rules changed. Reload before editing or starting.","","ui","client/src/screens/FlushTable.tsx:152"
"ui.seated_20a12d43","flush","Seated","","candidate","client/src/components/FlushArena.tsx:61"
"ui.see_cards_9c146e83","flush","See cards","","candidate","client/src/screens/FlushTable.tsx:209"
"ui.seen_56564dcb","flush","Seen","","candidate","client/src/screens/FlushTable.tsx:115"
"ui.seen_bet_multiplier_7adf9f0e","flush","Seen bet multiplier","","candidate","client/src/screens/FlushTable.tsx:30"
"ui.show_d97d1ee3","flush","Show","","candidate","client/src/screens/FlushTable.tsx:175"
"ui.show_value_points_9aabd27c","flush","Show · {{value1}} points","","candidate","client/src/screens/FlushTable.tsx:210"
"ui.show_cost_multiplier_0_is_free_d75bc51f","flush","Show cost multiplier (0 is free)","","candidate","client/src/screens/FlushTable.tsx:33"
"ui.show_only_with_two_players_b9fea498","flush","Show only with two players","","candidate","client/src/screens/FlushTable.tsx:32"
"ui.show_requester_loses_bf2e4902","flush","Show requester loses","","candidate","client/src/screens/FlushTable.tsx:38"
"ui.show_value_fc2b9bb8","flush","Show: {{value1}}","","candidate","client/src/screens/FlushTable.tsx:168"
"ui.side_show_value_ab301895","flush","Side-show: {{value1}}","","candidate","client/src/screens/FlushTable.tsx:169"
"ui.skip_cut_4ed4e2de","flush; callbreak","Skip cut","","ui","client/src/screens/FlushTable.tsx:146; client/src/screens/LiveGameTable.tsx:149"
"ui.split_pot_9f16e08f","flush","Split pot","","candidate","client/src/screens/FlushTable.tsx:38"
"ui.tap_to_hide_cards_9155a91d","flush","Tap to hide cards","","candidate","client/src/components/FlushCards.tsx:25"
"ui.tap_to_see_cards_d0451cf5","flush","Tap to see cards","","ui","client/src/components/FlushCards.tsx:21; client/src/components/FlushCards.tsx:25"
"ui.total_b25928c6","flush; callbreak","Total","","candidate","client/src/components/FlushBetTable.tsx:13; client/src/components/RoundSummary.tsx:21"
"ui.total_pot_4639c609","flush","TOTAL POT","","ui","client/src/components/FlushArena.tsx:42"
"ui.turn_0db12dbf","flush","TURN","","ui","client/src/components/FlushArena.tsx:58"
"ui.view_final_show_bf582813","flush","View final show","","candidate","client/src/screens/FlushTable.tsx:203"
"ui.view_round_result_f444cd44","flush","View round result","","candidate","client/src/screens/FlushTable.tsx:203"
"ui.waiting_for_eligible_players_473d6776","flush","Waiting for eligible players.","","candidate","client/src/screens/FlushTable.tsx:105"
"ui.waiting_for_rule_approval_54e212db","flush","Waiting for rule approval.","","candidate","client/src/screens/FlushTable.tsx:105"
"ui.waiting_for_the_creator_to_lock_the_table_c77c2e1d","flush","Waiting for the creator to lock the table.","","ui","client/src/screens/FlushTable.tsx:189"
"ui.waiting_for_the_host_20f90026","flush","Waiting for the host","","ui","client/src/screens/FlushTable.tsx:103"
"ui.why_are_some_actions_unavailable_4641a10b","flush","Why are some actions unavailable?","","candidate","client/src/screens/FlushTable.tsx:220"
"ui.you_e5bc4c84","flush","YOU ·","","candidate","client/src/components/FlushArena.tsx:61"
"ui.you_lost_5279ac59","flush","You lost","","candidate","client/src/screens/FlushTable.tsx:275"
"ui.you_stay_c1df7f8f","flush","You stay","","candidate","client/src/screens/FlushTable.tsx:275"
"ui.your_card_3d722360","flush","Your card","","candidate","client/src/components/FlushCards.tsx:7"
"ui._offline_88d9f333","marriage","· Offline","","candidate","client/src/components/MarriagePlayers.tsx:58"
"ui.value_value_cards_1ac6968f","marriage","{{value1}} · {{value2}} cards","","ui","client/src/components/MarriagePlayers.tsx:79"
"ui.value_cannot_form_a_new_pair_the_other_two_copies_are_a_65fc2b1d","marriage","{{value1}} cannot form a new pair: the other two copies are already locked.","","candidate","client/src/components/MarriageFinishTool.tsx:53"
"ui.value_cardsvalue_d00acee5","marriage","{{value1}} cards{{value2}}","","ui","client/src/components/MarriagePlayers.tsx:58"
"ui.value_more_value_needed_f21e8b11","marriage","{{value1}} more {{value2}} needed","","candidate","client/src/components/MaalProgress.tsx:35"
"ui.value_needs_fewer_additional_cards_from_this_hand_08f50c50","marriage","{{value1}} needs fewer additional cards from this hand.","","candidate","client/src/components/MaalProgress.tsx:21"
"ui.value_progress_bb19158a","marriage","{{value1}} progress","","ui","client/src/components/MaalProgress.tsx:36"
"ui.value_showed_initial_tunnelas_d65c9d4b","marriage","{{value1}} showed initial Tunnelas","","candidate","client/src/components/MarriageAnnouncements.tsx:50"
"ui.value_unlocked_maal_f249b206","marriage","{{value1}} unlocked Maal","","candidate","client/src/components/MarriageAnnouncements.tsx:50"
"ui.value_won_the_round_7c9f2e78","marriage","{{value1}} won the round!","","candidate","client/src/components/MarriageAnnouncements.tsx:50"
"ui.value_value_value_a7a94105","marriage","{{value1}}. {{value2}} · {{value3}}","","ui","client/src/components/MaalProgress.tsx:43"
"ui.value_s_shown_cards_14b7062a","marriage","{{value1}}’s shown cards","","ui","client/src/components/MarriagePlayers.tsx:45"
"ui.value_s_turn_a589d93a","marriage","{{value1}}’s turn","","ui","client/src/screens/MarriageTable.tsx:111"
"ui.valuevalue_value_df676fda","marriage","{{value1}}{{value2}} · {{value3}}","","candidate","client/src/multiplayer/marriage.ts:28"
"ui.value_value_groups_ready_value_ffca8437","marriage","{{value1}}/{{value2}} groups ready · {{value3}}","","ui","client/src/components/MaalProgress.tsx:35"
"ui.value_value_held_dd99a071","marriage","{{value1}}/{{value2}} held","","candidate","client/src/components/MaalProgress.tsx:43"
"ui.value_value_remaining_cards_grouped_a1faf82b","marriage","{{value1}}/{{value2}} remaining cards grouped","","candidate","client/src/components/MarriageFinishTool.tsx:24"
"ui._maal_unlocked_value_b1f8e2da","marriage","✓ Maal unlocked · {{value1}}","","ui","client/src/components/MarriagePlayers.tsx:48"
"ui._selected_b0ecd4c3","marriage","✓ Selected","","candidate","client/src/components/MarriageTunnelaPanel.tsx:36"
"ui._maal_unlocked_bb7b26d9","marriage","✦ Maal unlocked","","candidate","client/src/components/MarriageAnnouncements.tsx:64"
"ui._round_won_e27094c1","marriage","🏆 Round won!","","candidate","client/src/components/MarriageAnnouncements.tsx:64"
"ui.3_sequences_tunnelas_008fe5a8","marriage","3 sequences / Tunnelas","","candidate","client/src/components/MarriagePlayers.tsx:16"
"ui.3_sequences_tunnelas_value_297b10ff","marriage","3 sequences / Tunnelas ({{value1}})","","candidate","client/src/components/MaalReady.tsx:45"
"ui.7_dublees_68a870c6","marriage","7 Dublees","","candidate","client/src/components/MarriagePlayers.tsx:16"
"ui.7_dublees_value_8cd317cc","marriage","7 Dublees ({{value1}})","","candidate","client/src/components/MaalReady.tsx:46"
"ui.a_qualifying_declaration_is_ready_3257d2ec","marriage","A qualifying declaration is ready","","candidate","client/src/components/MaalProgress.tsx:27"
"ui.a_wildcard_d9198b78","marriage","a wildcard","","candidate","client/src/components/MarriageFinishTool.tsx:66"
"ui.after_showing_seven_dublees_finish_with_an_eighth_natur_ef982cd2","marriage","After showing seven Dublees, finish with an eighth natural pair using uncommitted cards. A permitted winning discard must be followed by Finish.","","candidate","client/src/components/MarriagePlayers.tsx:112"
"ui.already_shown_d5bf2d0e","marriage","Already shown","","ui","client/src/components/MarriageMaalPanel.tsx:64"
"ui.back_to_table_970d89aa","marriage","Back to table","","candidate","client/src/components/MarriageAnnouncements.tsx:78"
"ui.back_to_your_cards_3ba64016","marriage","Back to your cards","","candidate","client/src/components/MarriageMaalPanel.tsx:52; client/src/components/MarriageTunnelaPanel.tsx:29; client/src/components/MarriageWinPanel.tsx:47"
"ui.both_routes_need_the_same_number_of_additional_cards_7ddae201","marriage","Both routes need the same number of additional cards.","","candidate","client/src/components/MaalProgress.tsx:20"
"ui.both_routes_qualify_your_choice_ca3ebd4e","marriage","Both routes qualify — your choice","","candidate","client/src/components/MaalProgress.tsx:27"
"ui.card_moving_to_discard_8cbf9d20","marriage","Card moving to discard","","ui","client/src/components/MarriageCardArea.tsx:23"
"ui.card_moving_to_player_78b1a28a","marriage","Card moving to player","","ui","client/src/components/MarriageCardArea.tsx:23"
"ui.cards_outside_these_groups_7312f0eb","marriage","Cards outside these groups","","candidate","client/src/components/MarriageFinishTool.tsx:63"
"ui.cards_to_show_value_3fc49256","marriage","Cards to show · {{value1}}","","ui","client/src/components/MarriageMaalPanel.tsx:65"
"ui.cards_waiting_for_a_partner_9daddf54","marriage","Cards waiting for a partner","","ui","client/src/components/MarriageFinishTool.tsx:50"
"ui.checking_maal_a1167f90","marriage","Checking Maal…","","candidate","client/src/components/MarriageMaalPanel.tsx:38; client/src/components/MarriageMaalPanel.tsx:59"
"ui.checking_marriage_ead49773","marriage","Checking Marriage…","","candidate","client/src/components/MarriageWinPanel.tsx:34; client/src/components/MarriageWinPanel.tsx:50"
"ui.choose_cards_to_show_0238d79e","marriage","Choose cards to show","","candidate","client/src/components/MaalReady.tsx:35"
"ui.choose_tunnelas_to_show_8a1cc7e0","marriage","Choose Tunnelas to show","","ui","client/src/components/MarriageTunnelaPanel.tsx:30"
"ui.choose_your_route_to_maal_94d195f5","marriage","Choose your route to Maal","","ui","client/src/components/MaalReady.tsx:40"
"ui.close_5408ab60","marriage","Close ×","","ui","client/src/components/MarriagePlayers.tsx:56"
"ui.close_details_433da6d1","marriage","Close details","","ui","client/src/components/MarriagePlayers.tsx:75"
"ui.close_finish_tool_3336395c","marriage","Close finish tool","","candidate","client/src/components/MarriageFinishTool.tsx:43"
"ui.close_player_details_064447d2","marriage","Close player details","","ui","client/src/components/MarriagePlayers.tsx:56"
"ui.close_shown_cards_15b13397","marriage","Close shown cards","","ui","client/src/components/MarriagePlayers.tsx:46"
"ui.close_table_announcement_d6eb436b","marriage","Close table announcement","","ui","client/src/components/MarriageAnnouncements.tsx:60"
"ui.combination_value_of_value_1df00460","marriage","Combination {{value1}} of {{value2}}","","ui","client/src/components/MaalReady.tsx:48"
"ui.completed_a_winning_hand_e974bc39","marriage","completed a winning hand.","","candidate","client/src/components/MarriageAnnouncements.tsx:65"
"ui.completed_the_8th_dublee_496a1620","marriage","completed the 8th Dublee.","","candidate","client/src/components/MarriageAnnouncements.tsx:65"
"ui.completes_a_winning_hand_a1a799ad","marriage","completes a winning hand","","candidate","client/src/components/MarriageFinishTool.tsx:69"
"ui.config_8851142d","marriage","Config","","ui","client/src/components/MarriagePlayers.tsx:96; client/src/components/MarriagePlayers.tsx:98"
"ui.confirm_show_c4a80557","marriage","Confirm & show","","candidate","client/src/components/MarriageMaalPanel.tsx:76"
"ui.confirm_fold_da045087","marriage","Confirm fold","","candidate","client/src/screens/MarriageTable.tsx:181"
"ui.confirm_your_discard_below_c2d64ae9","marriage","Confirm your discard below","","candidate","client/src/screens/MarriageTable.tsx:202"
"ui.continue_to_table_2c8e27fd","marriage","Continue to table","","candidate","client/src/components/MarriageAnnouncements.tsx:78"
"ui.copy_value_6b0f1061","marriage","Copy {{value1}}","","ui","client/src/components/MarriageMeldCards.tsx:12; client/src/screens/MarriageTable.tsx:214"
"ui.deal_and_turns_e2930893","marriage","Deal and turns","","candidate","client/src/components/MarriagePlayers.tsx:106"
"ui.deck_value_53be02cf","marriage","Deck · {{value1}}","","ui","client/src/components/MarriageCardArea.tsx:99; client/src/screens/MarriageTable.tsx:167"
"ui.declaration_recorded_waiting_for_other_players_38cd7e02","marriage","Declaration recorded · waiting for other players.","","ui","client/src/screens/MarriageTable.tsx:185"
"ui.declare_no_tunnela_4e335f09","marriage","Declare no Tunnela","","candidate","client/src/components/MarriageTunnelaPanel.tsx:40"
"ui.declare_your_initial_tunnelas_521bd9f6","marriage","Declare your initial Tunnelas","","candidate","client/src/screens/MarriageTable.tsx:107"
"ui.declared_tunnelas_before_play_512a4ad5","marriage","declared Tunnelas before play.","","candidate","client/src/components/MarriageAnnouncements.tsx:65"
"ui.discard_value_7ad952cc","marriage","Discard {{value1}}","","ui","client/src/screens/MarriageTable.tsx:117; client/src/screens/MarriageTable.tsx:119"
"ui.discard_pile_f7bd7ecb","marriage","Discard pile","","candidate","client/src/screens/MarriageTable.tsx:167"
"ui.dublee_40ed74c3","marriage","Dublee","","ui","client/src/components/MaalProgress.tsx:43; client/src/components/MaalProgress.tsx:52; client/src/components/MarriageMeldCards.tsx:9; client/src/components/MarriagePlayers.tsx:82; client/src/multiplayer/marriageArrangement.ts:14; client/src/screens/MarriageTable.tsx:196; client/src/screens/MarriageTable.tsx:198"
"ui.dublee_finish_bfe5af2e","marriage","Dublee finish","","candidate","client/src/components/MarriagePlayers.tsx:112"
"ui.each_player_receives_21_cards_on_your_turn_draw_from_th_d38480af","marriage","Each player receives 21 cards. On your turn, draw from the deck or an allowed discard, then discard one card.","","candidate","client/src/components/MarriagePlayers.tsx:106"
"ui.eighth_dublee_ready_04d19cd0","marriage","Eighth Dublee ready","","candidate","client/src/components/MarriageFinishTool.tsx:23"
"ui.eligible_to_see_maal_value_value_ready_72c714ad","marriage","Eligible to see Maal · {{value1}} {{value2}} ready","","ui","client/src/components/MaalReady.tsx:32"
"ui.final_discard_da6169ed","marriage","Final discard","","ui","client/src/components/MarriageAnnouncements.tsx:76"
"ui.final_discard_value_9b7a277b","marriage","Final discard: {{value1}}","","ui","client/src/components/MarriageWinPanel.tsx:54"
"ui.finish_becomes_available_when_the_server_permits_it_aft_eccb3979","marriage","Finish becomes available when the server permits it after drawing on your turn.","","ui","client/src/components/MarriageFinishTool.tsx:74"
"ui.fold_this_round_you_can_keep_watching_your_final_points_dcc59b38","marriage","Fold this round? You can keep watching. Your final points will still be settled.","","ui","client/src/screens/MarriageTable.tsx:180"
"ui.folded_watching_this_round_b6691bc8","marriage","Folded · Watching this round","","ui","client/src/screens/MarriageTable.tsx:157"
"ui.folding_485a616f","marriage","Folding","","candidate","client/src/components/MarriagePlayers.tsx:114"
"ui.folding_withdraws_you_from_the_round_if_only_one_player_057d6769","marriage","Folding withdraws you from the round. If only one player remains, they win by fold; points still settle under the configured rules.","","candidate","client/src/components/MarriagePlayers.tsx:114"
"ui.game_result_efa68679","marriage","Game result","","ui","client/src/components/MarriageCardArea.tsx:88; client/src/components/MarriageCardArea.tsx:89; client/src/components/MarriagePlayers.tsx:75"
"ui.game_stats_2d308536","marriage","Game stats","","ui","client/src/components/MarriagePlayers.tsx:75"
"ui.have_value_e6f4da9d","marriage","Have: {{value1}}","","ui","client/src/components/MaalProgress.tsx:44"
"ui.hidden_d4c2792a","marriage","Hidden","","candidate","client/src/components/MarriageCardArea.tsx:84"
"ui.hidden_card_20848fdb","marriage","Hidden card","","ui","client/src/screens/MarriageTable.tsx:207"
"ui.identical_copies_from_different_decks_count_as_the_same_00ee416d","marriage","Identical copies from different decks count as the same combination. You can still arrange cards manually.","","ui","client/src/components/MaalReady.tsx:55"
"ui.improves_coverage_to_value_value_cards_d344005d","marriage","improves coverage to {{value1}}/{{value2}} cards","","candidate","client/src/components/MarriageFinishTool.tsx:69"
"ui.initial_tunnelas_af0c2bfc","marriage","Initial Tunnelas","","candidate","client/src/components/MarriagePlayers.tsx:107"
"ui.initial_tunnelas_shown_72a4ae06","marriage","Initial Tunnelas shown","","candidate","client/src/components/MarriageAnnouncements.tsx:64"
"ui.just_drawn_6b850ee2","marriage","Just drawn","","ui","client/src/screens/MarriageTable.tsx:208"
"ui.last_discard_2c77b4fd","marriage","Last discard","","ui","client/src/components/MarriageCardArea.tsx:90"
"ui.locked_qualification_cards_c5d71a07","marriage","Locked qualification cards","","ui","client/src/components/MarriageFinishTool.tsx:75"
"ui.maal_d5875e48","marriage; scores-and-ledger","Maal","","ui","client/src/components/MarriageCardArea.tsx:107; client/src/components/MarriageMaalPanel.tsx:54; client/src/components/MarriageScoring.tsx:73"
"ui.maal_eligible_show_for_maal_59a323a5","marriage","Maal eligible · Show for Maal","","candidate","client/src/components/MarriageMaalPanel.tsx:38"
"ui.maal_eligible_view_options_d3ccf2f5","marriage","Maal eligible · View options","","candidate","client/src/components/MarriageMaalPanel.tsx:38"
"ui.maal_hidden_2cc2ea88","marriage","Maal hidden","","ui","client/src/components/MarriageCardArea.tsx:110"
"ui.maal_not_eligible_83ff7bf4","marriage","Maal not eligible","","candidate","client/src/components/MarriageMaalPanel.tsx:38"
"ui.maal_not_seen_de9b1de4","marriage; scores-and-ledger","Maal not seen","","candidate","client/src/components/MarriagePlayers.tsx:59; client/src/components/MarriagePlayers.tsx:80; client/src/components/MarriageScoring.tsx:96"
"ui.maal_seen_b68733ce","marriage; scores-and-ledger","Maal seen","","candidate","client/src/components/MarriagePlayers.tsx:59; client/src/components/MarriagePlayers.tsx:80; client/src/components/MarriageScoring.tsx:96"
"ui.maal_unlocked_opens_this_player_s_declared_sequences_or_2385c8fa","marriage","Maal unlocked. Opens this player's declared sequences or Dublees.","","ui","client/src/components/MarriagePlayers.tsx:38"
"ui.man_value_088636bf","marriage","Man · {{value1}}","","candidate","client/src/multiplayer/marriage.ts:26"
"ui.man_cannot_form_a_natural_dublee_260a9dc5","marriage","Man cannot form a natural Dublee.","","ui","client/src/components/MarriageFinishTool.tsx:57"
"ui.marriage_eligible_show_marriage_bd907775","marriage","Marriage eligible · Show Marriage","","candidate","client/src/components/MarriageWinPanel.tsx:34"
"ui.marriage_eligible_view_options_aba6349f","marriage","Marriage eligible · View options","","candidate","client/src/components/MarriageWinPanel.tsx:34"
"ui.marriage_not_eligible_183c2835","marriage","Marriage not eligible","","candidate","client/src/components/MarriageWinPanel.tsx:34"
"ui.matching_copies_may_be_held_by_others_or_already_discar_0ef19bac","marriage","Matching copies may be held by others or already discarded. This is not a prediction of available draws.","","ui","client/src/components/MarriageFinishTool.tsx:55"
"ui.natural_groups_91c4a468","marriage","Natural groups","","candidate","client/src/components/MarriagePlayers.tsx:108"
"ui.need_d9365df5","marriage","NEED","","ui","client/src/components/MaalProgress.tsx:48"
"ui.need_a_new_matching_pair_9dadbde9","marriage","Need a new matching pair.","","candidate","client/src/components/MaalProgress.tsx:51"
"ui.need_a_new_natural_sequence_or_tunnela_182e3c66","marriage","Need a new natural sequence or Tunnela.","","candidate","client/src/components/MaalProgress.tsx:51"
"ui.need_another_value_a6370c5a","marriage","Need another {{value1}}.","","candidate","client/src/components/MarriageFinishTool.tsx:53"
"ui.need_value_efed57f3","marriage","Need: {{value1}}","","candidate","client/src/components/MaalProgress.tsx:51"
"ui.need_value_c04221b0","marriage","Need: {{value1}}.","","ui","client/src/components/MarriageFinishTool.tsx:66"
"ui.needed_value_4dc2bf33","marriage","Needed {{value1}}","","ui","client/src/components/MaalProgress.tsx:47"
"ui.new_66aabd91","marriage","NEW","","ui","client/src/screens/MarriageTable.tsx:213"
"ui.next_combination_b5329211","marriage","Next combination","","candidate","client/src/components/MaalReady.tsx:52"
"ui.next_option_f8ce1157","marriage","Next option","","candidate","client/src/components/MarriageMaalPanel.tsx:60; client/src/components/MarriageWinPanel.tsx:51"
"ui.no_tunnela_declare_none_4b13685c","marriage","No Tunnela · Declare none","","candidate","client/src/components/MarriageTunnelaPanel.tsx:43"
"ui.normal_9c2a6e48","marriage","normal","","ui","client/src/components/MaalProgress.tsx:36"
"ui.not_shown_54bf18b8","marriage","Not shown","","candidate","client/src/components/MarriagePlayers.tsx:16"
"ui.one_card_gaps_among_the_remaining_cards_12ec823d","marriage","One-card gaps among the remaining cards","","ui","client/src/components/MarriageFinishTool.tsx:64"
"ui.only_shown_tunnelas_qualify_for_the_initial_declaration_61e01fe3","marriage","Only shown Tunnelas qualify for the initial declaration bonus. This does not unlock Maal.","","ui","client/src/components/MarriageTunnelaPanel.tsx:41"
"ui.only_you_can_see_these_options_review_a_combination_the_a2f5f760","marriage","Only you can see these options. Review a combination, then show it after drawing on your turn.","","ui","client/src/components/MaalReady.tsx:43"
"ui.option_value_of_value_b2977b44","marriage","Option {{value1}} of {{value2}}","","candidate","client/src/components/MarriageMaalPanel.tsx:59; client/src/components/MarriageWinPanel.tsx:50"
"ui.outside_this_plan_value_cards_191c8021","marriage","Outside this plan · {{value1}} cards","","ui","client/src/components/MaalProgress.tsx:54"
"ui.plan_winning_hand_ed1c2d80","marriage","Plan winning hand","","candidate","client/src/components/MarriageFinishTool.tsx:37"
"ui.player_stats_appear_when_the_game_starts_5d5657e3","marriage","Player stats appear when the game starts.","","ui","client/src/components/MarriagePlayers.tsx:85"
"ui.points_4b2a6a31","marriage","Points","","ui","client/src/screens/MarriageTable.tsx:129"
"ui.points_and_privacy_d1c9de1a","marriage","Points and privacy","","candidate","client/src/components/MarriagePlayers.tsx:113"
"ui.poke_player_08e5a721","marriage","Poke player","","ui","client/src/components/MarriagePlayers.tsx:64"
"ui.previous_combination_574ccb8f","marriage","Previous combination","","candidate","client/src/components/MaalReady.tsx:51"
"ui.previous_option_c302fd8d","marriage","Previous option","","candidate","client/src/components/MarriageMaalPanel.tsx:58; client/src/components/MarriageWinPanel.tsx:49"
"ui.ready_20c7c552","marriage","Ready","","candidate","client/src/components/MaalProgress.tsx:43"
"ui.ready_pairs_1c6f9f71","marriage","Ready pairs","","ui","client/src/components/MarriageFinishTool.tsx:48"
"ui.ready_to_review_and_show_a656a404","marriage","Ready to review and show","","candidate","client/src/components/MaalProgress.tsx:35"
"ui.recording_declaration_f954179e","marriage","Recording declaration…","","candidate","client/src/components/MarriageTunnelaPanel.tsx:49"
"ui.remaining_in_your_hand_value_cards_34f38c15","marriage","Remaining in your hand · {{value1}} cards","","ui","client/src/components/MarriageMaalPanel.tsx:67; client/src/components/MarriageWinPanel.tsx:54"
"ui.reveal_cards_to_check_maal_ad51d20a","marriage","Reveal cards to check Maal","","candidate","client/src/components/MarriageMaalPanel.tsx:38"
"ui.reveal_cards_to_check_marriage_b935a113","marriage","Reveal cards to check Marriage","","candidate","client/src/components/MarriageWinPanel.tsx:34"
"ui.reveal_cards_to_check_tunnela_8d9f9084","marriage","Reveal cards to check Tunnela","","candidate","client/src/components/MarriageTunnelaPanel.tsx:43"
"ui.review_3_sequences_tunnelas_a882f397","marriage","Review 3 sequences / Tunnelas","","candidate","client/src/components/MaalProgress.tsx:28"
"ui.review_7_dublees_5dd3f20f","marriage","Review 7 Dublees","","candidate","client/src/components/MaalProgress.tsx:28"
"ui.review_finish_8652c996","marriage","Review finish","","candidate","client/src/components/MarriageFinishTool.tsx:73"
"ui.review_now_show_only_when_allowed_on_your_turn_you_may_5a322aaf","marriage","Review now; show only when allowed on your turn. You may also keep playing.","","ui","client/src/components/MaalProgress.tsx:29"
"ui.review_this_combination_9df6972c","marriage","Review this combination","","candidate","client/src/components/MaalReady.tsx:54"
"ui.round_results_aa089a05","marriage","Round results","","candidate","client/src/components/MarriageAnnouncements.tsx:68"
"ui.rules_caa155ad","marriage","rules","","ui","client/src/components/MarriagePlayers.tsx:75; client/src/components/MarriagePlayers.tsx:96; client/src/screens/MarriageTable.tsx:129"
"ui.rules_and_config_99d68258","marriage","Rules and config","","ui","client/src/components/MarriagePlayers.tsx:75; client/src/screens/MarriageTable.tsx:129"
"ui.seeing_maal_bf8700bc","marriage","Seeing Maal","","candidate","client/src/components/MarriagePlayers.tsx:109"
"ui.select_value_group_value_in_my_hand_56c0995f","marriage","Select {{value1}} group {{value2}} in my hand","","candidate","client/src/components/MaalProgress.tsx:52"
"ui.select_a_card_to_discard_da8ade2d","marriage","Select a card to discard","","candidate","client/src/screens/MarriageTable.tsx:202"
"ui.sequence_92504616","marriage","sequence","","ui","client/src/screens/MarriageTable.tsx:196"
"ui.sequence_5c8f4e0e","marriage","Sequence","","candidate","client/src/components/MaalProgress.tsx:43; client/src/components/MarriageMeldCards.tsx:9; client/src/components/MarriagePlayers.tsx:82"
"ui.sequence_wildcards_34b67f85","marriage","Sequence (wildcards)","","candidate","client/src/components/MarriageMeldCards.tsx:9"
"ui.sequence_tunnela_9027e472","marriage","Sequence / Tunnela","","ui","client/src/components/MarriageMaalPanel.tsx:63; client/src/screens/MarriageTable.tsx:196; client/src/screens/MarriageTable.tsx:198"
"ui.set_448ab73b","marriage","Set","","candidate","client/src/components/MarriageMeldCards.tsx:9"
"ui.seven_dublees_40032f6e","marriage","Seven Dublees","","ui","client/src/components/MaalProgress.tsx:21; client/src/components/MaalProgress.tsx:34; client/src/components/MaalProgress.tsx:36; client/src/components/MarriageMaalPanel.tsx:63"
"ui.seven_previously_shown_dublees_98b2ede0","marriage","Seven previously shown Dublees","","ui","client/src/components/MarriageAnnouncements.tsx:74"
"ui.show_marriage_a60c1ee6","marriage","Show Marriage","","candidate","client/src/components/MarriageWinPanel.tsx:60"
"ui.show_selected_tunnelas_cbc68e99","marriage","Show selected Tunnelas","","candidate","client/src/components/MarriageTunnelaPanel.tsx:39"
"ui.showed_3_sequences_tunnelas_4ed0306f","marriage","showed 3 sequences / Tunnelas.","","candidate","client/src/components/MarriageAnnouncements.tsx:65"
"ui.showed_7_dublees_17efe5ba","marriage","showed 7 Dublees.","","candidate","client/src/components/MarriageAnnouncements.tsx:65"
"ui.showing_marriage_reveals_your_winning_cards_to_everyone_8be63361","marriage","Showing Marriage reveals your winning cards to everyone at the table.","","ui","client/src/components/MarriageWinPanel.tsx:57"
"ui.showing_or_discarding_22392e08","marriage","Showing or discarding","","candidate","client/src/components/MarriagePlayers.tsx:18"
"ui.shown_cards_f241fe10","marriage","Shown cards","","ui","client/src/components/MarriagePlayers.tsx:45"
"ui.suggested_completed_groups_f466f7e4","marriage","Suggested completed groups","","ui","client/src/components/MarriageFinishTool.tsx:62"
"ui.suggested_final_discard_98379d76","marriage","Suggested final discard","","candidate","client/src/components/MarriageFinishTool.tsx:63"
"ui.take_discard_b0f92818","marriage","Take discard","","ui","client/src/components/MarriageCardArea.tsx:91"
"ui.take_stock_value_209feffa","marriage","Take stock · {{value1}}","","ui","client/src/components/MarriageCardArea.tsx:100"
"ui.taking_a_card_e9be9340","marriage","Taking a card","","candidate","client/src/components/MarriagePlayers.tsx:18"
"ui.taking_card_770bb6e5","marriage","Taking card…","","candidate","client/src/screens/MarriageTable.tsx:174"
"ui.tap_to_hide_the_maal_c11b4860","marriage","Tap to hide the Maal","","candidate","client/src/components/MarriageCardArea.tsx:84"
"ui.tap_to_see_the_maal_a2a4c173","marriage","Tap to see the Maal","","candidate","client/src/components/MarriageCardArea.tsx:84"
"ui.tap_to_select_00ca133e","marriage","Tap to select","","candidate","client/src/components/MarriageTunnelaPanel.tsx:36"
"ui.tap_to_take_from_deck_522c2741","marriage","Tap to take from deck","","candidate","client/src/screens/MarriageTable.tsx:164"
"ui.tap_to_take_from_discard_87de7301","marriage","Tap to take from discard","","candidate","client/src/screens/MarriageTable.tsx:164"
"ui.the_server_chooses_the_finishing_pair_shown_in_the_conf_26620358","marriage","The server chooses the finishing pair shown in the confirmation preview.","","ui","client/src/components/MarriageFinishTool.tsx:49"
"ui.these_are_alternative_groups_the_same_card_cannot_be_us_01612dcf","marriage","These are alternative groups; the same card cannot be used twice. Useful cards may not be available to draw.","","ui","client/src/components/MarriageFinishTool.tsx:68"
"ui.these_may_help_another_combination_or_become_useful_aft_732e6642","marriage","These may help another combination or become useful after Maal. They are not automatic discard suggestions.","","ui","client/src/components/MaalProgress.tsx:56"
"ui.three_melds_6379d0d1","marriage","Three melds","","ui","client/src/components/MaalProgress.tsx:21; client/src/components/MaalProgress.tsx:36"
"ui.three_sequences_tunnelas_579ff5d5","marriage","Three sequences / Tunnelas","","candidate","client/src/components/MaalProgress.tsx:34"
"ui.tiplu_value_jhiplu_value_poplu_value_09c38c57","marriage","Tiplu {{value1}} · Jhiplu {{value2}} · Poplu {{value3}}","","ui","client/src/components/MarriageMaalPanel.tsx:55"
"ui.tiplu_jhiplu_poplu_and_alter_9472d822","marriage","Tiplu, Jhiplu, Poplu and Alter","","candidate","client/src/components/MarriagePlayers.tsx:110"
"ui.track_eighth_dublee_6d5e4f85","marriage","Track eighth Dublee","","candidate","client/src/components/MarriageFinishTool.tsx:37"
"ui.tunnela_cc77444e","marriage","Tunnela","","candidate","client/src/components/MaalProgress.tsx:43; client/src/components/MarriageMeldCards.tsx:9; client/src/components/MarriagePlayers.tsx:82"
"ui.tunnela_value_96d1b7ba","marriage","Tunnela {{value1}}","","ui","client/src/components/MarriageTunnelaPanel.tsx:33"
"ui.tunnela_detected_choose_to_show_4c9fe5ab","marriage","Tunnela detected · Choose to show","","candidate","client/src/components/MarriageTunnelaPanel.tsx:43"
"ui.unavailable_2c9c1f79","marriage","Unavailable","","candidate","client/src/screens/MarriageTable.tsx:174"
"ui.view_value_s_shown_cards_c87f9c8b","marriage","View {{value1}}’s shown cards","","ui","client/src/components/MarriagePlayers.tsx:37"
"ui.view_maal_3cd2636d","marriage","View Maal","","candidate","client/src/components/MarriageMaalPanel.tsx:38"
"ui.view_shown_cards_e8bcbc52","marriage","View shown cards","","candidate","client/src/components/MarriageAnnouncements.tsx:57"
"ui.view_winning_hand_f7f2dd22","marriage","View winning hand","","candidate","client/src/components/MarriageAnnouncements.tsx:58"
"ui.visible_discard_value_value_value_0b23ffbc","marriage","Visible discard {{value1}} {{value2}}. {{value3}}","","ui","client/src/components/MarriageFinishTool.tsx:69"
"ui.visible_discard_value_completes_an_eighth_pair_value_9e3d5649","marriage","Visible discard {{value1}} completes an eighth pair. {{value2}}","","ui","client/src/components/MarriageFinishTool.tsx:56"
"ui.visible_discard_value_helps_value_value_cards_needed_va_01b1c47a","marriage","Visible discard {{value1}} helps: {{value2}} → {{value3}} cards needed. {{value4}}","","ui","client/src/components/MaalProgress.tsx:39"
"ui.wait_until_the_draw_action_allows_it_822bdba2","marriage","Wait until the draw action allows it.","","candidate","client/src/components/MaalProgress.tsx:40"
"ui.wait_until_the_server_allows_this_draw_60d6c9fd","marriage","Wait until the server allows this draw.","","candidate","client/src/components/MarriageFinishTool.tsx:56; client/src/components/MarriageFinishTool.tsx:69"
"ui.waiting_c271b656","marriage","WAITING","","ui","client/src/screens/MarriageTable.tsx:111"
"ui.waiting_for_a_matching_card_a0c7c8c0","marriage","Waiting for a matching card","","candidate","client/src/components/MarriageFinishTool.tsx:23"
"ui.waiting_for_the_creator_to_start_44f89851","marriage","Waiting for the creator to start.","","ui","client/src/screens/MarriageTable.tsx:135"
"ui.waiting_for_tunnela_declarations_95bcf731","marriage","Waiting for Tunnela declarations","","candidate","client/src/screens/MarriageTable.tsx:107"
"ui.waiting_for_turn_e9a3d720","marriage","Waiting for turn","","candidate","client/src/components/MarriagePlayers.tsx:18"
"ui.wildcards_in_your_remaining_hand_are_included_in_these_1a38a520","marriage","Wildcards in your remaining hand are included in these suggestions.","","ui","client/src/components/MarriageFinishTool.tsx:71"
"ui.wildcards_man_every_value_rank_card_value_and_value_ace_0ccbb26e","marriage","Wildcards: Man, every {{value1}}-rank card, {{value2}} and {{value3}}. Ace is low in sequences.","","ui","client/src/components/MarriageFinishTool.tsx:61"
"ui.winner_4e3adcfe","marriage; scores-and-ledger; callbreak","Winner","","ui","client/src/components/MarriagePlayers.tsx:17; client/src/components/RoundResultsTable.tsx:31; client/src/screens/LiveGameTable.tsx:187"
"ui.winning_after_maal_502af1ec","marriage","Winning after Maal","","candidate","client/src/components/MarriagePlayers.tsx:111"
"ui.winning_eighth_pair_ef34980d","marriage","Winning eighth pair","","ui","client/src/components/MarriageAnnouncements.tsx:71"
"ui.winning_groups_ready_09ef2713","marriage","Winning groups ready","","candidate","client/src/components/MarriageFinishTool.tsx:24"
"ui.winning_hand_ca73ab69","marriage","Winning hand","","candidate","client/src/components/MarriageAnnouncements.tsx:68"
"ui.winning_pair_unavailable_in_this_snapshot_4ff31122","marriage","Winning pair unavailable in this snapshot.","","ui","client/src/components/MarriageAnnouncements.tsx:72"
"ui.won_because_all_other_players_folded_679d381e","marriage","won because all other players folded.","","candidate","client/src/components/MarriageAnnouncements.tsx:65"
"ui.you_can_show_after_drawing_on_your_turn_bdcbeb6d","marriage","You can show after drawing on your turn.","","ui","client/src/components/MarriageMaalPanel.tsx:77"
"ui.you_can_show_marriage_when_finishing_is_allowed_on_your_37e934f6","marriage","You can show Marriage when finishing is allowed on your turn.","","ui","client/src/components/MarriageWinPanel.tsx:58"
"ui.you_can_take_it_using_the_draw_control_eb02f3cb","marriage","You can take it using the draw control.","","candidate","client/src/components/MarriageFinishTool.tsx:56; client/src/components/MarriageFinishTool.tsx:69"
"ui.you_drew_value_ceec5dc6","marriage","You drew {{value1}}","","ui","client/src/screens/MarriageTable.tsx:201"
"ui.you_may_take_it_using_the_draw_control_8acb4430","marriage","You may take it using the draw control.","","candidate","client/src/components/MaalProgress.tsx:40"
"ui.your_current_hand_value_cards_this_compares_missing_car_654aa40a","marriage","Your current hand · {{value1}} cards. This compares missing cards, not winning odds.","","ui","client/src/components/MaalProgress.tsx:25"
"ui.your_eighth_dublee_09b77b64","marriage","Your eighth Dublee","","candidate","client/src/components/MarriageFinishTool.tsx:22"
"ui.your_hand_no_longer_qualifies_go_back_to_your_cards_eb596df9","marriage","Your hand no longer qualifies. Go back to your cards.","","ui","client/src/components/MarriageMaalPanel.tsx:74; client/src/components/MarriageWinPanel.tsx:56"
"ui.your_path_to_a_winning_hand_e6287760","marriage","Your path to a winning hand","","candidate","client/src/components/MarriageFinishTool.tsx:22"
"ui.your_path_to_maal_d6173e6d","marriage","Your path to Maal","","ui","client/src/components/MaalProgress.tsx:23"
"ui.your_seven_shown_pairs_are_locked_the_eighth_pair_must_49b0146b","marriage","Your seven shown pairs are locked. The eighth pair must use two remaining cards with the same natural face. Maal and Man cannot substitute.","","ui","client/src/components/MarriageFinishTool.tsx:47"
"ui.your_shown_sequences_tunnelas_stay_locked_group_the_rem_a0298322","marriage","Your shown sequences/Tunnelas stay locked. Group the remaining {{value1}} cards into valid sequences, sets or Tunnelas, keeping one final discard after drawing.","","ui","client/src/components/MarriageFinishTool.tsx:60"
"ui.your_turn_confirm_discard_ba1428f7","marriage","Your turn · Confirm discard","","candidate","client/src/screens/MarriageTable.tsx:108"
"ui.your_turn_draw_a_card_bc713aeb","marriage","Your turn · Draw a card","","candidate","client/src/screens/MarriageTable.tsx:107"
"ui.your_turn_finish_round_25c6b464","marriage","Your turn · Finish round","","candidate","client/src/screens/MarriageTable.tsx:109"
"ui.your_turn_select_a_card_to_discard_4e5ceccf","marriage","Your turn · Select a card to discard","","candidate","client/src/screens/MarriageTable.tsx:108"
"ui.your_winning_cards_c0205b78","marriage","Your winning cards","","ui","client/src/components/MarriageWinPanel.tsx:53"
"ui._value_waiting_6e6a4f6f","rooms-and-tables","· {{value1}} waiting","","candidate","client/src/components/TableControls.tsx:34"
"ui._value_d9fb6e70","rooms-and-tables","· +{{value1}}","","candidate","client/src/components/TableCard.tsx:28"
"ui._observing_60809447","rooms-and-tables","· Observing","","candidate","client/src/components/TableControls.tsx:33"
"ui._waitlist_position_value_27c38359","rooms-and-tables","· Waitlist position {{value1}}","","candidate","client/src/components/TableControls.tsx:33"
"ui._your_seat_value_c8287507","rooms-and-tables","· Your seat {{value1}}","","candidate","client/src/components/TableControls.tsx:33"
"ui.value_value_value_value_value_c756fc73","rooms-and-tables","{{value1}} · {{value2}} {{value3}} · {{value4}} {{value5}}","","ui","client/src/components/RoomCard.tsx:26"
"ui.value_value_room_members_52fc8fe7","rooms-and-tables","{{value1}} · {{value2}} room members","","ui","client/src/components/InvitationPreview.tsx:37"
"ui.value_remove_25f7130f","rooms-and-tables","{{value1}} · Remove","","ui","client/src/components/RoomGameControl.tsx:388; client/src/screens/SharedRoomsScreen.tsx:402"
"ui.value_return_to_table_813e8612","rooms-and-tables","{{value1}} · Return to table","","ui","client/src/components/RoomGameControl.tsx:322"
"ui.value_you_0c567e64","rooms-and-tables","{{value1}} (You)","","candidate","client/src/screens/SharedRoomsScreen.tsx:292"
"ui.value_value_423e46f1","rooms-and-tables","{{value1}} {{value2}}?","","ui","client/src/components/RoomCard.tsx:72"
"ui.value_ce61a795","rooms-and-tables","{{value1}} →","","ui","client/src/components/TableCard.tsx:26; client/src/components/TableCard.tsx:28"
"ui.value_games_70d7806b","rooms-and-tables","{{value1}} games","","ui","client/src/components/ActiveGames.tsx:51"
"ui.value_members_value_online_a1ad22e0","rooms-and-tables","{{value1}} members · {{value2}} online","","ui","client/src/screens/SharedRoomsScreen.tsx:229"
"ui.value_more_members_11d08d08","rooms-and-tables","{{value1}} more members","","ui","client/src/components/RoomCard.tsx:54"
"ui.value_of_value_seated_b5676d4a","rooms-and-tables; flush","{{value1}} of {{value2}} seated","","ui","client/src/components/TableStartCue.tsx:23; client/src/screens/FlushTable.tsx:101"
"ui.value_online_ce613ae6","rooms-and-tables","{{value1}} online","","ui","client/src/components/RoomCard.tsx:33"
"ui.value_players_5697f05c","rooms-and-tables","{{value1}} players","","ui","client/src/components/RoomGameControl.tsx:378; client/src/screens/LobbyScreen.tsx:83"
"ui.value_players_5_deals_local_preview_67c73a0a","rooms-and-tables","{{value1}} players · 5 deals · Local preview","","ui","client/src/screens/LobbyScreen.tsx:120"
"ui.value_table_862769be","rooms-and-tables","{{value1}} table","","ui","client/src/components/RoomGameControl.tsx:379"
"ui.value_unread_messages_ce503f88","rooms-and-tables","{{value1}} unread messages","","ui","client/src/components/RoomToolbar.tsx:22"
"ui.valuevalue_value_value_seated_1eb4d382","rooms-and-tables","{{value1}}{{value2}} · {{value3}}/{{value4}} seated","","ui","client/src/components/TableCard.tsx:19"
"ui.value_value_seated_64d81c08","rooms-and-tables","{{value1}}/{{value2}} seated","","ui","client/src/screens/LobbyScreen.tsx:128"
"ui.value_value_seated_value_29ec0b37","rooms-and-tables","{{value1}}/{{value2}} seated · {{value3}}","","candidate","client/src/components/TableControls.tsx:32"
"ui._value_92b9af6d","rooms-and-tables","@{{value1}} ·","","candidate","client/src/components/RoomGameControl.tsx:392; client/src/screens/SharedRoomsScreen.tsx:403"
"ui._all_games_b569edd7","rooms-and-tables","← All games","","ui","client/src/screens/GameRoomsScreen.tsx:36; client/src/screens/LobbyScreen.tsx:63"
"ui._create_new_table_249c4799","rooms-and-tables","+ Create New Table","","ui","client/src/components/RoomGameControl.tsx:319"
"ui._create_room_e73e57f8","rooms-and-tables","+ Create room","","ui","client/src/screens/SharedRoomsScreen.tsx:340"
"ui._create_table_21bc1cac","rooms-and-tables","+ Create table","","ui","client/src/components/RoomGameControl.tsx:309; client/src/components/RoomGameControl.tsx:314"
"ui.2_10_players_lock_the_seated_roster_when_ready_81b3273f","rooms-and-tables","2–10 players · lock the seated roster when ready.","","candidate","client/src/components/RoomGameControl.tsx:376"
"ui.4_or_5_players_five_deals_61c0085d","rooms-and-tables","4 or 5 players · Five deals","","ui","client/src/screens/GameRoomsScreen.tsx:11"
"ui.a_k_q_f18a1bb7","rooms-and-tables","A ♦ K ♦ Q ♦","","candidate","client/src/screens/GameRoomsScreen.tsx:12"
"ui.a_familiar_game_a_little_friendly_rivalry_take_a_seat_cd0ee64b","rooms-and-tables","A familiar game. A little friendly rivalry. Take a seat.","","ui","client/src/screens/LobbyScreen.tsx:66"
"ui.a_little_suspense_a_familiar_circle_of_friends_703f2d8f","rooms-and-tables","A little suspense. A familiar circle of friends.","","ui","client/src/screens/GameRoomsScreen.tsx:13"
"ui.a_new_value_value_is_ready_c4d49912","rooms-and-tables","A new {{value1}} {{value2}} is ready!","","ui","client/src/components/RoomGameControl.tsx:360"
"ui.a_quick_refresher_d05a5cdc","rooms-and-tables","A quick refresher","","ui","client/src/screens/LobbyScreen.tsx:162"
"ui.aashish_1461d9be","rooms-and-tables","Aashish","","candidate","client/src/screens/LobbyScreen.tsx:15"
"ui.abandon_active_game_c5db0122","rooms-and-tables","Abandon active game?","","candidate","client/src/components/RoomGameControl.tsx:330"
"ui.abandon_match_f6e2e4ea","rooms-and-tables","Abandon match","","candidate","client/src/components/TableControls.tsx:45"
"ui.abandon_match_and_leave_room_fd6a37fb","rooms-and-tables","Abandon match and leave room","","candidate","client/src/screens/SharedRoomsScreen.tsx:327"
"ui.abandon_previous_game_8ac2ba9e","rooms-and-tables","Abandon previous game","","candidate","client/src/components/RoomGameControl.tsx:336"
"ui.abandon_the_active_match_and_leave_the_room_the_match_w_746a6a99","rooms-and-tables","Abandon the active match and leave the room? The match will stop for everyone.","","candidate","client/src/screens/SharedRoomsScreen.tsx:324"
"ui.abandon_this_active_match_it_will_stop_for_everyone_no_11872f78","rooms-and-tables","Abandon this active match? It will stop for everyone. No penalty is currently applied.","","ui","client/src/components/TableControls.tsx:57"
"ui.abandoning_stops_the_active_match_for_everyone_at_that_143e0e0d","rooms-and-tables","Abandoning stops the active match for everyone at that table.","","ui","client/src/components/RoomGameControl.tsx:334"
"ui.accept_seat_cfbe70be","rooms-and-tables","Accept seat","","candidate","client/src/components/TableControls.tsx:52"
"ui.active_games_e4a0f3de","rooms-and-tables","Active games","","candidate","client/src/screens/SharedRoomsScreen.tsx:344"
"ui.all_6a720856","rooms-and-tables; callbreak","All","","candidate","client/src/components/ActiveGames.tsx:11; client/src/components/PlayerHand.tsx:161"
"ui.all_tables_8ebf23b7","rooms-and-tables","All tables","","candidate","client/src/screens/LobbyScreen.tsx:111"
"ui.anu_e2dc6c91","rooms-and-tables","Anu","","candidate","client/src/screens/LobbyScreen.tsx:17"
"ui.are_you_sure_this_cannot_be_undone_e40c7e27","rooms-and-tables","Are you sure? This cannot be undone.","","ui","client/src/screens/SharedRoomsScreen.tsx:311"
"ui.ask_someone_to_take_seat_value_a1ebcc17","rooms-and-tables","Ask someone to take seat {{value1}}","","ui","client/src/components/TableControls.tsx:63"
"ui.ask_the_creator_to_end_the_previous_table_you_do_not_ne_65d972b5","rooms-and-tables","Ask the creator to end the previous table. You do not need to leave it after it ends.","","ui","client/src/components/RoomGameControl.tsx:333"
"ui.available_tables_4b6f1c32","rooms-and-tables","Available tables","","ui","client/src/components/ActiveGames.tsx:57"
"ui.back_to_lobby_28fb5d10","rooms-and-tables","Back to lobby","","ui","client/src/screens/LobbyScreen.tsx:165; client/src/screens/SharedRoomsScreen.tsx:232"
"ui.bina_3961a4f4","rooms-and-tables","Bina","","candidate","client/src/screens/LobbyScreen.tsx:17"
"ui.bring_your_people_together_for_another_round_129e6736","rooms-and-tables","Bring your people together for another round.","","ui","client/src/screens/GameRoomsScreen.tsx:15"
"ui.browse_all_public_rooms_66d9697b","rooms-and-tables","Browse all public rooms →","","ui","client/src/screens/SharedRoomsScreen.tsx:436"
"ui.browse_rooms_c4ea5044","rooms-and-tables","Browse rooms","","candidate","client/src/components/ActiveGames.tsx:70"
"ui.browse_rooms_352e3f8e","rooms-and-tables","Browse rooms →","","ui","client/src/screens/SharedRoomsScreen.tsx:454"
"ui.call_break_aa48a7f3","rooms-and-tables; shared; callbreak","Call Break","","ui","client/src/components/ActiveGames.tsx:11; client/src/components/GameMenu.tsx:69; client/src/components/RoomGameControl.tsx:217; client/src/components/RoomGameControl.tsx:218; client/src/components/TableCard.tsx:19; client/src/screens/CallBreakTableScreen.tsx:39; client/src/screens/LiveGameTable.tsx:111; client/src/screens/SharedRoomsScreen.tsx:252; client/src/screens/SharedRoomsScreen.tsx:256; client/src/screens/SharedRoomsScreen.tsx:419"
"ui.call_break_cee26f83","rooms-and-tables","CALL BREAK","","ui","client/src/screens/LobbyScreen.tsx:161"
"ui.call_break_game_room_1cf3cf10","rooms-and-tables","CALL BREAK GAME ROOM","","ui","client/src/screens/LobbyScreen.tsx:64"
"ui.callbreak_288d94e1","rooms-and-tables","callbreak","","ui","client/src/screens/SharedRoomsScreen.tsx:252"
"ui.cannot_load_game_447fef14","rooms-and-tables","Cannot load game.","","candidate","client/src/components/RoomGameControl.tsx:143"
"ui.cannot_update_game_5b6c03c6","rooms-and-tables","Cannot update game.","","candidate","client/src/components/RoomGameControl.tsx:185"
"ui.chat_7ecde348","rooms-and-tables","chat","","ui","client/src/components/RoomToolbar.tsx:20; client/src/components/RoomToolbar.tsx:22"
"ui.chat_2ced57f1","rooms-and-tables","Chat","","ui","client/src/components/RoomToolbar.tsx:17"
"ui.chat_paused_8ffa94b2","rooms-and-tables","Chat · paused","","ui","client/src/components/RoomToolbar.tsx:17"
"ui.check_table_status_0dcee177","rooms-and-tables","Check table status","","candidate","client/src/components/RoomGameControl.tsx:336"
"ui.check_your_connection_and_try_again_563862b7","rooms-and-tables","Check your connection and try again.","","candidate","client/src/components/ActiveGames.tsx:62"
"ui.choose_value_9bdcb081","rooms-and-tables","Choose {{value1}}","","ui","client/src/screens/SharedRoomsScreen.tsx:252"
"ui.choose_a_game_ec08e65d","rooms-and-tables","CHOOSE A GAME","","ui","client/src/screens/SharedRoomsScreen.tsx:249"
"ui.choose_another_game_194608eb","rooms-and-tables","Choose another game","","ui","client/src/screens/GameRoomsScreen.tsx:43"
"ui.close_public_rooms_3b7832f9","rooms-and-tables","Close public rooms","","ui","client/src/screens/SharedRoomsScreen.tsx:438"
"ui.close_room_form_d2a5a049","rooms-and-tables","Close room form","","ui","client/src/screens/SharedRoomsScreen.tsx:381"
"ui.close_room_panel_f239b4b9","rooms-and-tables","Close room panel","","candidate","client/src/components/RoomSheet.tsx:8"
"ui.close_room_sharing_f019b897","rooms-and-tables","Close room sharing","","ui","client/src/components/RoomCard.tsx:78"
"ui.completed_1798b3ba","rooms-and-tables","Completed","","candidate","client/src/multiplayer/tableNavigation.ts:20"
"ui.completed_6dc2daae","rooms-and-tables","COMPLETED","","ui","client/src/multiplayer/tableNavigation.ts:17"
"ui.confirm_abandon_match_3133077f","rooms-and-tables","Confirm abandon match","","candidate","client/src/components/TableControls.tsx:58"
"ui.confirm_delete_room_74ef7d53","rooms-and-tables","Confirm delete room","","ui","client/src/screens/SharedRoomsScreen.tsx:314"
"ui.confirming_your_action_896dde32","rooms-and-tables","Confirming your action…","","candidate","client/src/components/RoomGameControl.tsx:130"
"ui.connection_interrupted_retrying_13d4d8a0","rooms-and-tables","Connection interrupted. Retrying…","","candidate","client/src/multiplayer/useRoomSession.ts:72"
"ui.connection_interrupted_your_action_will_be_checked_auto_fda83d2e","rooms-and-tables","Connection interrupted. Your action will be checked automatically…","","candidate","client/src/components/RoomGameControl.tsx:145"
"ui.continue_playing_1bff500d","rooms-and-tables","CONTINUE PLAYING","","ui","client/src/screens/SharedRoomsScreen.tsx:419"
"ui.could_not_value_please_try_again_0f645e7e","rooms-and-tables","Could not {{value1}}. Please try again.","","candidate","client/src/multiplayer/useRoomSession.ts:46"
"ui.could_not_confirm_leaving_this_room_please_try_again_6f7ad9f4","rooms-and-tables","Could not confirm leaving this room. Please try again.","","candidate","client/src/multiplayer/leaveRoomMembership.ts:18"
"ui.could_not_create_room_e4785f82","rooms-and-tables","Could not create room.","","candidate","client/src/screens/SharedRoomsScreen.tsx:145"
"ui.could_not_delete_the_room_84d6e688","rooms-and-tables","Could not delete the room.","","candidate","client/src/multiplayer/useRoomSession.ts:152"
"ui.could_not_enter_the_game_s_room_try_again_ff9b1b7c","rooms-and-tables","Could not enter the game’s room. Try again.","","candidate","client/src/components/InvitationPreview.tsx:29"
"ui.could_not_enter_the_room_b12b8e3f","rooms-and-tables","Could not enter the room.","","candidate","client/src/multiplayer/useRoomSession.ts:114"
"ui.could_not_enter_this_table_b023a1ae","rooms-and-tables","Could not enter this table.","","candidate","client/src/components/RoomGameControl.tsx:288"
"ui.could_not_join_room_try_again_78b80958","rooms-and-tables","Could not join room. Try again.","","candidate","client/src/components/InvitationPreview.tsx:42"
"ui.could_not_leave_the_game_1d752090","rooms-and-tables","Could not leave the game.","","candidate","client/src/multiplayer/useRoomSession.ts:162"
"ui.could_not_leave_the_previous_table_dd2c6484","rooms-and-tables","Could not leave the previous table.","","candidate","client/src/components/RoomGameControl.tsx:211"
"ui.could_not_leave_the_room_8a2473e4","rooms-and-tables","Could not leave the room.","","candidate","client/src/multiplayer/useRoomSession.ts:136"
"ui.could_not_load_member_names_9ca53faa","rooms-and-tables","Could not load member names.","","candidate","client/src/screens/SharedRoomsScreen.tsx:205"
"ui.could_not_open_invitation_b2d0de44","rooms-and-tables","Could not open invitation.","","candidate","client/src/components/InvitationPreview.tsx:30"
"ui.could_not_restore_game_2529e388","rooms-and-tables","Could not restore game.","","candidate","client/src/components/RoomGameControl.tsx:166"
"ui.could_not_search_recent_players_010a21b5","rooms-and-tables","Could not search recent players.","","candidate","client/src/components/RoomGameControl.tsx:263; client/src/screens/SharedRoomsScreen.tsx:155"
"ui.could_not_search_the_player_directory_20ef919c","rooms-and-tables","Could not search the player directory.","","candidate","client/src/components/RoomGameControl.tsx:274; client/src/screens/SharedRoomsScreen.tsx:166"
"ui.could_not_update_game_396c1b28","rooms-and-tables","Could not update game.","","candidate","client/src/components/RoomGameControl.tsx:236"
"ui.couldn_t_load_tables_acdd4637","rooms-and-tables","Couldn’t load tables","","candidate","client/src/components/ActiveGames.tsx:61"
"ui.couldn_t_refresh_tables_7b72802c","rooms-and-tables","Couldn’t refresh tables","","candidate","client/src/components/ActiveGames.tsx:61"
"ui.create_9b7c68a9","rooms-and-tables","create","","ui","client/src/screens/SharedRoomsScreen.tsx:381"
"ui.create_6e157c5d","rooms-and-tables","Create","","ui","client/src/screens/LobbyScreen.tsx:89; client/src/screens/SharedRoomsScreen.tsx:385"
"ui.create_account_aaf37447","rooms-and-tables","Create account","","candidate","client/src/screens/SharedRoomsScreen.tsx:470"
"ui.create_an_account_so_your_identity_and_profile_can_foll_00d73734","rooms-and-tables","Create an account so your identity and profile can follow you across sign-ins.","","candidate","client/src/screens/SharedRoomsScreen.tsx:359"
"ui.create_room_bc487b9d","rooms-and-tables","Create room","","ui","client/src/components/ActiveGames.tsx:69; client/src/screens/SharedRoomsScreen.tsx:340; client/src/screens/SharedRoomsScreen.tsx:381; client/src/screens/SharedRoomsScreen.tsx:385"
"ui.create_table_7d090ca9","rooms-and-tables","Create table","","ui","client/src/components/RoomGameControl.tsx:307; client/src/components/RoomGameControl.tsx:313; client/src/components/RoomGameControl.tsx:318; client/src/components/RoomGameControl.tsx:374; client/src/components/RoomGameControl.tsx:401"
"ui.create_table_preview_ec7ff878","rooms-and-tables","Create table preview","","ui","client/src/screens/LobbyScreen.tsx:89"
"ui.create_this_table_a7c0c19f","rooms-and-tables","Create this table","","ui","client/src/components/RoomGameControl.tsx:401"
"ui.create_your_account_073bf0c5","rooms-and-tables","create your account","","candidate","client/src/multiplayer/useRoomSession.ts:46"
"ui.create_your_account_4046b581","rooms-and-tables","Create your account","","candidate","client/src/screens/SharedRoomsScreen.tsx:349"
"ui.decline_seat_bda9169a","rooms-and-tables","Decline seat","","candidate","client/src/components/TableControls.tsx:53"
"ui.delete_f6fdbe48","rooms-and-tables","Delete","","ui","client/src/components/RoomCard.tsx:65; client/src/components/RoomCard.tsx:72"
"ui.delete_permanently_e63b5153","rooms-and-tables","Delete permanently","","ui","client/src/screens/SharedRoomsScreen.tsx:314"
"ui.delete_room_b594b35f","rooms-and-tables","Delete room","","ui","client/src/components/RoomCard.tsx:76; client/src/screens/SharedRoomsScreen.tsx:316; client/src/screens/SharedRoomsScreen.tsx:316"
"ui.design_preview_no_live_accounts_tables_or_games_005a8a37","rooms-and-tables","Design preview · No live accounts, tables, or games.","","ui","client/src/screens/GameRoomsScreen.tsx:69"
"ui.design_preview_sample_tables_only_nothing_is_connected_d16a2f0d","rooms-and-tables","Design preview · Sample tables only. Nothing is connected yet.","","ui","client/src/screens/LobbyScreen.tsx:68"
"ui.dismiss_invitation_3ae32740","rooms-and-tables","Dismiss invitation","","ui","client/src/components/InvitationPreview.tsx:44"
"ui.e_g_friday_friends_e64e9720","rooms-and-tables","e.g. Friday friends","","ui","client/src/screens/SharedRoomsScreen.tsx:384"
"ui.e_g_friday_with_friends_ba1363ee","rooms-and-tables","e.g. Friday with friends","","ui","client/src/screens/LobbyScreen.tsx:88"
"ui.ended_90303d8d","rooms-and-tables","Ended","","candidate","client/src/multiplayer/tableNavigation.ts:20"
"ui.enter_2b9eceb7","rooms-and-tables","Enter","","ui","client/src/components/RoomCard.tsx:59; client/src/components/RoomCard.tsx:62"
"ui.enter_value_game_room_bcf60f26","rooms-and-tables","Enter {{value1}} game room","","ui","client/src/screens/GameRoomsScreen.tsx:61"
"ui.enter_a_profile_name_1_25_characters_c22ef1e8","rooms-and-tables","Enter a profile name (1–25 characters).","","candidate","client/src/multiplayer/useRoomSession.ts:37"
"ui.enter_a_room_name_416cfcc4","rooms-and-tables","Enter a room name.","","candidate","client/src/screens/SharedRoomsScreen.tsx:139"
"ui.enter_a_table_name_653350bf","rooms-and-tables","Enter a table name.","","candidate","client/src/components/RoomGameControl.tsx:171"
"ui.enter_a_valid_room_code_table_code_or_invitation_link_ac3ea81a","rooms-and-tables","Enter a valid room code, table code, or invitation link.","","candidate","client/src/screens/SharedRoomsScreen.tsx:119"
"ui.enter_game_room_6687e73a","rooms-and-tables","Enter game room →","","ui","client/src/screens/GameRoomsScreen.tsx:63"
"ui.entering_room_6328e796","rooms-and-tables","Entering room…","","ui","client/src/screens/SharedRoomsScreen.tsx:412"
"ui.entering_the_room_you_can_choose_whether_to_take_a_game_f7556616","rooms-and-tables","Entering the room. You can choose whether to take a game seat.","","candidate","client/src/components/InvitationPreview.tsx:38"
"ui.every_signed_in_player_can_see_and_enter_it_98d1a8c8","rooms-and-tables","Every signed-in player can see and enter it.","","candidate","client/src/screens/SharedRoomsScreen.tsx:398"
"ui.everyone_can_discover_and_join_this_room_76f3c20e","rooms-and-tables","Everyone can discover and join this room.","","candidate","client/src/components/RoomPrivacySettings.tsx:34"
"ui.exit_preview_e9960a90","rooms-and-tables","Exit preview","","ui","client/src/screens/GameRoomsScreen.tsx:34; client/src/screens/LobbyScreen.tsx:61"
"ui.filter_active_games_7c25dfd4","rooms-and-tables","Filter active games","","ui","client/src/components/ActiveGames.tsx:50"
"ui.find_people_to_invite_to_room_d0a54669","rooms-and-tables","Find people to invite to room","","ui","client/src/screens/SharedRoomsScreen.tsx:400"
"ui.find_player_to_invite_68d25f5a","rooms-and-tables","Find player to invite","","ui","client/src/components/RoomPrivacySettings.tsx:36"
"ui.find_players_to_invite_1fb38c56","rooms-and-tables","Find players to invite","","ui","client/src/components/RoomGameControl.tsx:381"
"ui.find_your_next_table_241fcd00","rooms-and-tables","Find your next table","","ui","client/src/screens/LobbyScreen.tsx:103"
"ui.flush_e4706359","rooms-and-tables","flush","","ui","client/src/components/RoomGameControl.tsx:247; client/src/screens/SharedRoomsScreen.tsx:252"
"ui.flush_7c936d7c","rooms-and-tables; shared; flush","Flush","","ui","client/src/components/ActiveGames.tsx:11; client/src/components/GameMenu.tsx:69; client/src/components/RoomGameControl.tsx:217; client/src/components/RoomGameControl.tsx:218; client/src/components/TableCard.tsx:19; client/src/screens/FlushTable.tsx:179; client/src/screens/SharedRoomsScreen.tsx:252; client/src/screens/SharedRoomsScreen.tsx:256; client/src/screens/SharedRoomsScreen.tsx:419"
"ui.four_or_five_players_five_deals_make_your_call_9a66a838","rooms-and-tables","Four or five players. Five deals. Make your call.","","ui","client/src/screens/SharedRoomsScreen.tsx:259"
"ui.friends_public_rooms_4323bbe9","rooms-and-tables","Friends’ public rooms","","ui","client/src/screens/SharedRoomsScreen.tsx:433"
"ui.friends_rooms_5f72b6b1","rooms-and-tables","Friends’ rooms","","candidate","client/src/screens/SharedRoomsScreen.tsx:344"
"ui.game_invitation_c3fc2923","rooms-and-tables","Game invitation","","candidate","client/src/components/InvitationPreview.tsx:36"
"ui.game_room_1fb934b6","rooms-and-tables","GAME ROOM","","ui","client/src/screens/GameRoomsScreen.tsx:37"
"ui.game_room_preview_836152a5","rooms-and-tables","Game room preview","","ui","client/src/screens/GameRoomsScreen.tsx:13; client/src/screens/GameRoomsScreen.tsx:15"
"ui.games_398ed329","rooms-and-tables","Games","","ui","client/src/components/LobbyNavigation.tsx:11"
"ui.go_to_room_list_to_enter_a_code_e19f7e39","rooms-and-tables","Go to room list to enter a code","","ui","client/src/screens/LobbyScreen.tsx:97"
"ui.good_cards_better_company_e1a8b6d9","rooms-and-tables","Good cards. Better company.","","ui","client/src/screens/GameRoomsScreen.tsx:70; client/src/screens/LobbyScreen.tsx:140"
"ui.home_70f8bb9a","rooms-and-tables","Home","","ui","client/src/components/LobbyNavigation.tsx:10"
"ui.how_to_play_75c4a1c3","rooms-and-tables","How to play ↗","","ui","client/src/screens/LobbyScreen.tsx:136"
"ui.invitation_sent_they_become_a_member_when_they_join_628accfd","rooms-and-tables","Invitation sent. They become a member when they join.","","candidate","client/src/components/RoomPrivacySettings.tsx:24"
"ui.invite_b136609f","rooms-and-tables","Invite","","ui","client/src/screens/SharedRoomsScreen.tsx:241"
"ui.invite_value_491a5058","rooms-and-tables","Invite {{value1}}","","ui","client/src/components/RoomGameControl.tsx:390; client/src/components/RoomPrivacySettings.tsx:38; client/src/components/TableControls.tsx:65"
"ui.invite_value_to_room_2756f57d","rooms-and-tables","Invite {{value1}} to room","","ui","client/src/screens/SharedRoomsScreen.tsx:403"
"ui.invite_a_replacement_69f6b046","rooms-and-tables","Invite a replacement","","candidate","client/src/components/TableControls.tsx:46"
"ui.invite_people_e1eb97af","rooms-and-tables","Invite people","","ui","client/src/components/RoomPrivacySettings.tsx:35; client/src/screens/SharedRoomsScreen.tsx:268; client/src/screens/SharedRoomsScreen.tsx:269"
"ui.invite_people_optional_5297f2b5","rooms-and-tables","Invite people (optional)","","ui","client/src/screens/SharedRoomsScreen.tsx:399"
"ui.invite_players_optional_20b05619","rooms-and-tables","Invite players (optional)","","ui","client/src/components/RoomGameControl.tsx:380"
"ui.invite_to_room_9c9428f0","rooms-and-tables","Invite to room","","ui","client/src/screens/SharedRoomsScreen.tsx:241"
"ui.invite_your_friends_02b259af","rooms-and-tables","Invite your friends","","ui","client/src/screens/LobbyScreen.tsx:94"
"ui.j_q_k_f0226dab","rooms-and-tables","J ♥ Q ♥ K ♥","","candidate","client/src/screens/GameRoomsScreen.tsx:14"
"ui.join_e0d73143","rooms-and-tables","Join","","ui","client/src/components/RoomCard.tsx:59; client/src/components/RoomCard.tsx:62; client/src/screens/SharedRoomsScreen.tsx:409"
"ui.join_value_7fc2a19a","rooms-and-tables","Join {{value1}}","","ui","client/src/components/RoomGameControl.tsx:361; client/src/components/RoomGameControl.tsx:362; client/src/screens/LobbyScreen.tsx:130"
"ui.join_queue_0f8c21c0","rooms-and-tables","Join queue","","ui","client/src/components/TableCard.tsx:34; client/src/multiplayer/tableNavigation.ts:16"
"ui.join_room_a911d290","rooms-and-tables","Join room","","ui","client/src/components/InvitationPreview.tsx:43; client/src/screens/SharedRoomsScreen.tsx:409"
"ui.join_waitlist_68b1a8ac","rooms-and-tables","Join waitlist","","candidate","client/src/components/TableControls.tsx:39"
"ui.join_with_code_b1f67da0","rooms-and-tables","Join with code","","ui","client/src/screens/SharedRoomsScreen.tsx:341; client/src/screens/SharedRoomsScreen.tsx:341; client/src/screens/SharedRoomsScreen.tsx:381"
"ui.joined_rooms_e3d20c07","rooms-and-tables","Joined rooms","","ui","client/src/screens/SharedRoomsScreen.tsx:427"
"ui.k_q_j_5cf49e73","rooms-and-tables","K ♠ Q ♠ J ♠","","candidate","client/src/screens/GameRoomsScreen.tsx:10"
"ui.kiran_747a17d2","rooms-and-tables","Kiran","","candidate","client/src/screens/LobbyScreen.tsx:17"
"ui.leave_7e3520a9","rooms-and-tables","Leave","","ui","client/src/components/RoomCard.tsx:65; client/src/components/RoomCard.tsx:72"
"ui.leave_value_1f655f1d","rooms-and-tables","Leave {{value1}}","","ui","client/src/components/RoomGameControl.tsx:247; client/src/components/RoomGameControl.tsx:247"
"ui.leave_game_and_room_813a851a","rooms-and-tables","Leave game and room","","candidate","client/src/screens/SharedRoomsScreen.tsx:327"
"ui.leave_previous_table_4abc777a","rooms-and-tables","Leave previous table","","candidate","client/src/components/RoomGameControl.tsx:336"
"ui.leave_previous_table_f8d9a769","rooms-and-tables","Leave previous table?","","candidate","client/src/components/RoomGameControl.tsx:330"
"ui.leave_room_451c54af","rooms-and-tables","Leave room","","ui","client/src/components/RoomCard.tsx:76; client/src/screens/SharedRoomsScreen.tsx:321"
"ui.leave_room_membership_1a055de0","rooms-and-tables","Leave room membership","","ui","client/src/screens/SharedRoomsScreen.tsx:321"
"ui.leave_seat_54f8008f","rooms-and-tables","Leave Seat","","candidate","client/src/components/TableControls.tsx:43"
"ui.leave_this_room_to_remove_it_from_your_rooms_you_can_jo_4f4b05fc","rooms-and-tables","Leave this room to remove it from your rooms. You can join it again later if you still have access.","","ui","client/src/screens/SharedRoomsScreen.tsx:320"
"ui.leave_waitlist_4e9b8cce","rooms-and-tables","Leave waitlist","","candidate","client/src/components/TableControls.tsx:40"
"ui.ledger_850bf107","rooms-and-tables","ledger","","ui","client/src/components/RoomToolbar.tsx:20; client/src/screens/SharedRoomsScreen.tsx:266"
"ui.ledger_1aa2f31e","rooms-and-tables","Ledger","","ui","client/src/components/RoomToolbar.tsx:19"
"ui.ledger_settlements_e64bb4c4","rooms-and-tables","Ledger & settlements","","ui","client/src/screens/SharedRoomsScreen.tsx:266; client/src/screens/SharedRoomsScreen.tsx:305; client/src/screens/SharedRoomsScreen.tsx:305"
"ui.loading_active_tables_882d496c","rooms-and-tables","Loading active tables","","ui","client/src/components/ActiveGames.tsx:64"
"ui.loading_tables_42d639e5","rooms-and-tables","Loading tables…","","candidate","client/src/components/RoomGameControl.tsx:304"
"ui.lock_game_4f44afcb","rooms-and-tables","Lock game","","candidate","client/src/components/TableControls.tsx:28; client/src/components/TableControls.tsx:41"
"ui.lock_players_840de0a7","rooms-and-tables; flush","Lock players","","candidate","client/src/components/TableStartCue.tsx:20; client/src/screens/FlushTable.tsx:97"
"ui.make_room_fb24ef6c","rooms-and-tables","Make room","","ui","client/src/components/RoomPrivacySettings.tsx:30"
"ui.make_your_call_take_the_trick_find_your_table_84391b60","rooms-and-tables","Make your call. Take the trick. Find your table.","","ui","client/src/screens/GameRoomsScreen.tsx:11"
"ui.marriage_cb90f373","rooms-and-tables","marriage","","ui","client/src/components/RoomGameControl.tsx:247"
"ui.marriage_f2811e77","rooms-and-tables; shared; marriage","Marriage","","ui","client/src/components/ActiveGames.tsx:11; client/src/components/GameMenu.tsx:69; client/src/components/RoomGameControl.tsx:217; client/src/components/RoomGameControl.tsx:218; client/src/components/TableCard.tsx:19; client/src/screens/MarriageTable.tsx:125; client/src/screens/SharedRoomsScreen.tsx:252; client/src/screens/SharedRoomsScreen.tsx:256; client/src/screens/SharedRoomsScreen.tsx:419"
"ui.match_completed_seats_for_the_next_match_8e0655cb","rooms-and-tables","Match completed · seats for the next match","","candidate","client/src/components/TableControls.tsx:32"
"ui.maya_26414e77","rooms-and-tables","Maya","","candidate","client/src/screens/LobbyScreen.tsx:16"
"ui.members_f13eb585","rooms-and-tables","members","","ui","client/src/screens/SharedRoomsScreen.tsx:266"
"ui.members_1cb449c1","rooms-and-tables","Members","","ui","client/src/components/RoomToolbar.tsx:18"
"ui.members_value_5d473d0e","rooms-and-tables","Members · {{value1}}","","ui","client/src/screens/SharedRoomsScreen.tsx:266"
"ui.more_e7c95b4c","rooms-and-tables","more","","ui","client/src/components/RoomToolbar.tsx:20"
"ui.more_4bab2d8f","rooms-and-tables","More","","ui","client/src/components/RoomToolbar.tsx:19"
"ui.more_room_actions_914a6440","rooms-and-tables","More room actions","","ui","client/src/components/RoomToolbar.tsx:20; client/src/screens/SharedRoomsScreen.tsx:233"
"ui.name_username_or_user_id_6d81d590","rooms-and-tables","Name, username, or user ID","","ui","client/src/components/RoomGameControl.tsx:382; client/src/screens/SharedRoomsScreen.tsx:400"
"ui.need_at_least_value_players_e2d8a6aa","rooms-and-tables; flush","Need at least {{value1}} players","","ui","client/src/components/TableStartCue.tsx:26; client/src/screens/FlushTable.tsx:104"
"ui.new_to_call_break_f938e794","rooms-and-tables","New to Call Break?","","ui","client/src/screens/LobbyScreen.tsx:135"
"ui.nisha_a473b2ae","rooms-and-tables","Nisha","","candidate","client/src/screens/LobbyScreen.tsx:15"
"ui.no_value_tables_yet_d763ea7c","rooms-and-tables","No {{value1}} tables yet","","candidate","client/src/components/ActiveGames.tsx:67"
"ui.no_active_tables_yet_d168184c","rooms-and-tables","No active tables yet","","candidate","client/src/components/ActiveGames.tsx:67"
"ui.no_player_found_with_that_exact_name_username_or_user_i_71ec6b5d","rooms-and-tables","No player found with that exact name, username, or user ID.","","candidate","client/src/components/RoomGameControl.tsx:273; client/src/screens/SharedRoomsScreen.tsx:165"
"ui.no_players_found_use_an_exact_username_or_user_id_62378c35","rooms-and-tables","No players found. Use an exact username or user ID.","","candidate","client/src/components/RoomPrivacySettings.tsx:19"
"ui.no_public_rooms_yet_acf6d1b1","rooms-and-tables","No public rooms yet.","","ui","client/src/screens/SharedRoomsScreen.tsx:440"
"ui.no_tables_yet_start_a_table_and_invite_your_friends_762bd8d1","rooms-and-tables","No tables yet. Start a table and invite your friends.","","ui","client/src/components/RoomGameControl.tsx:312"
"ui.online_c3e839df","rooms-and-tables","Online","","ui","client/src/screens/SharedRoomsScreen.tsx:294"
"ui.only_invited_people_and_existing_members_can_enter_link_31e200e1","rooms-and-tables","Only invited people and existing members can enter. Links do not grant access.","","candidate","client/src/components/RoomPrivacySettings.tsx:34"
"ui.only_invited_people_and_members_can_enter_links_and_cod_9d6975af","rooms-and-tables","Only invited people and members can enter. Links and codes do not grant access.","","candidate","client/src/screens/SharedRoomsScreen.tsx:398"
"ui.open_cf9b7706","rooms-and-tables","Open","","candidate","client/src/multiplayer/tableNavigation.ts:20"
"ui.open_a_room_and_create_a_table_or_join_your_friends_whe_47b2ac96","rooms-and-tables","Open a room and create a table, or join your friends when they start playing.","","ui","client/src/components/ActiveGames.tsx:68"
"ui.open_a_room_or_bring_your_players_together_377e3ea2","rooms-and-tables","Open a room or bring your players together.","","ui","client/src/screens/SharedRoomsScreen.tsx:338"
"ui.open_seats_17ed9cc9","rooms-and-tables","Open seats","","candidate","client/src/screens/LobbyScreen.tsx:111"
"ui.opening_invitation_b3469c7a","rooms-and-tables","Opening invitation…","","ui","client/src/components/InvitationPreview.tsx:39"
"ui.password_8be3c943","rooms-and-tables","Password","","ui","client/src/screens/SharedRoomsScreen.tsx:370; client/src/screens/SharedRoomsScreen.tsx:370"
"ui.pick_your_game_11421252","rooms-and-tables","PICK YOUR GAME","","ui","client/src/screens/GameRoomsScreen.tsx:47"
"ui.players_locked_26abed68","rooms-and-tables; flush","Players locked","","candidate","client/src/components/TableStartCue.tsx:22; client/src/screens/FlushTable.tsx:100"
"ui.please_wait_5afeca73","rooms-and-tables","Please wait…","","candidate","client/src/screens/SharedRoomsScreen.tsx:470"
"ui.prepare_next_match_263622ef","rooms-and-tables","Prepare next match","","candidate","client/src/components/TableControls.tsx:44; client/src/components/TableStartCue.tsx:20"
"ui.preview_a_card_table_10c87341","rooms-and-tables","Preview a card table","","ui","client/src/screens/LobbyScreen.tsx:74"
"ui.preview_card_table_3c40cec5","rooms-and-tables","Preview card table","","ui","client/src/screens/LobbyScreen.tsx:159"
"ui.preview_room_members_d07ed50d","rooms-and-tables","Preview room members","","ui","client/src/screens/SharedRoomsScreen.tsx:237"
"ui.preview_this_room_then_choose_join_room_when_you_re_rea_71c95ac1","rooms-and-tables","Preview this room, then choose Join room when you’re ready. Joining the room does not take a game seat.","","candidate","client/src/components/InvitationPreview.tsx:38"
"ui.previous_table_is_reserved_f1471257","rooms-and-tables","Previous table is reserved","","candidate","client/src/components/RoomGameControl.tsx:330"
"ui.previous_table_left_you_can_now_take_a_seat_here_f5debb44","rooms-and-tables","Previous table left. You can now take a seat here.","","candidate","client/src/components/RoomGameControl.tsx:209"
"ui.private_237dfa0a","rooms-and-tables","Private","","candidate","client/src/components/RoomCard.tsx:27; client/src/components/RoomPrivacySettings.tsx:31; client/src/screens/SharedRoomsScreen.tsx:392"
"ui.profile_ff4fc027","rooms-and-tables","Profile","","ui","client/src/components/LobbyNavigation.tsx:13"
"ui.profile_name_77574766","rooms-and-tables","Profile name","","ui","client/src/screens/SharedRoomsScreen.tsx:363"
"ui.profile_name_required_the_name_other_players_see_f59bf1d8","rooms-and-tables","Profile name (required) · the name other players see","","ui","client/src/screens/SharedRoomsScreen.tsx:362"
"ui.public_dc5eb704","rooms-and-tables","Public","","candidate","client/src/components/RoomCard.tsx:27; client/src/components/RoomPrivacySettings.tsx:31; client/src/screens/SharedRoomsScreen.tsx:392"
"ui.public_rooms_d7141ad7","rooms-and-tables","Public rooms","","ui","client/src/screens/SharedRoomsScreen.tsx:438"
"ui.queue_value_6b07d57c","rooms-and-tables","Queue #{{value1}}","","candidate","client/src/components/TableCard.tsx:29"
"ui.r_room_code_t_table_code_or_link_b2c2bb66","rooms-and-tables","r- room code, t- table code, or link","","ui","client/src/screens/SharedRoomsScreen.tsx:408"
"ui.ready_for_a_round_78a78648","rooms-and-tables","Ready for a round?","","ui","client/src/screens/LobbyScreen.tsx:65"
"ui.ready_for_another_round_c4b05bf1","rooms-and-tables","Ready for another round?","","candidate","client/src/components/TableStartCue.tsx:22"
"ui.ready_to_play_b2d62cb3","rooms-and-tables","Ready to play?","","ui","client/src/screens/SharedRoomsScreen.tsx:337"
"ui.ready_to_start_7196e323","rooms-and-tables","Ready to start","","candidate","client/src/multiplayer/tableNavigation.ts:20"
"ui.recent_76eec760","rooms-and-tables","Recent","","candidate","client/src/screens/SharedRoomsScreen.tsx:344"
"ui.recently_visited_4da0da03","rooms-and-tables","Recently visited","","ui","client/src/screens/SharedRoomsScreen.tsx:448"
"ui.reconnecting_to_your_room_6b7d3db3","rooms-and-tables","Reconnecting to your room…","","ui","client/src/screens/SharedRoomsScreen.tsx:219"
"ui.reconnecting_your_seat_is_saved_bba3a41e","rooms-and-tables","Reconnecting… Your seat is saved.","","candidate","client/src/components/RoomGameControl.tsx:365"
"ui.refresh_active_games_48538f28","rooms-and-tables","Refresh active games","","ui","client/src/components/ActiveGames.tsx:58"
"ui.remove_value_e1842c05","rooms-and-tables","Remove {{value1}}","","ui","client/src/components/RoomGameControl.tsx:387; client/src/screens/SharedRoomsScreen.tsx:402"
"ui.required_to_create_a_table_07a41f51","rooms-and-tables","Required to create a table","","ui","client/src/components/RoomGameControl.tsx:379"
"ui.retry_9f5cd8a2","rooms-and-tables","Retry","","ui","client/src/components/ActiveGames.tsx:48"
"ui.retry_active_games_bb4ef783","rooms-and-tables","Retry active games","","ui","client/src/components/ActiveGames.tsx:48"
"ui.retry_invitation_9ac392c0","rooms-and-tables","Retry invitation","","ui","client/src/components/InvitationPreview.tsx:40"
"ui.retry_loading_tables_c8c7161b","rooms-and-tables","Retry loading tables","","ui","client/src/components/RoomGameControl.tsx:305; client/src/components/RoomGameControl.tsx:306"
"ui.retry_member_names_3390ab69","rooms-and-tables","Retry member names","","ui","client/src/screens/SharedRoomsScreen.tsx:283"
"ui.retry_table_service_3fd8f01a","rooms-and-tables","Retry table service","","ui","client/src/components/RoomGameControl.tsx:400; client/src/components/RoomGameControl.tsx:400"
"ui.return_24f096b2","rooms-and-tables","Return","","candidate","client/src/components/TableCard.tsx:12"
"ui.return_to_table_bcdbe86b","rooms-and-tables","Return to table","","ui","client/src/multiplayer/tableNavigation.ts:13"
"ui.return_to_table_value_6b267df1","rooms-and-tables","Return to table · {{value1}}","","ui","client/src/screens/SharedRoomsScreen.tsx:418"
"ui.review_advanced_rules_at_the_table_before_starting_rule_db43cd83","rooms-and-tables","Review advanced rules at the table before starting. Rule changes still require player approval.","","ui","client/src/components/RoomGameControl.tsx:395"
"ui.rohan_07fecf9b","rooms-and-tables","Rohan","","candidate","client/src/screens/LobbyScreen.tsx:16"
"ui.room_chat_4cb45b84","rooms-and-tables","Room chat","","ui","client/src/components/RoomToolbar.tsx:20"
"ui.room_code_8572d5dd","rooms-and-tables","ROOM CODE","","ui","client/src/screens/SharedRoomsScreen.tsx:274"
"ui.room_code_value_98329af8","rooms-and-tables","Room code {{value1}}","","ui","client/src/screens/SharedRoomsScreen.tsx:274"
"ui.room_invitation_bd838405","rooms-and-tables","Room invitation","","candidate","client/src/components/InvitationPreview.tsx:36"
"ui.room_ledger_96a7dc36","rooms-and-tables","Room ledger","","ui","client/src/components/RoomToolbar.tsx:20"
"ui.room_member_f7ec6929","rooms-and-tables","Room member","","candidate","client/src/components/RoomCard.tsx:47"
"ui.room_members_bb36dfc8","rooms-and-tables","Room members","","ui","client/src/components/RoomToolbar.tsx:20"
"ui.room_membership_a27c00e0","rooms-and-tables","Room membership","","ui","client/src/screens/SharedRoomsScreen.tsx:319"
"ui.room_name_8605e33f","rooms-and-tables","Room name","","ui","client/src/screens/SharedRoomsScreen.tsx:384"
"ui.room_options_27966bec","rooms-and-tables","Room options","","ui","client/src/screens/SharedRoomsScreen.tsx:266"
"ui.room_or_table_code_021275ca","rooms-and-tables","Room or table code","","ui","client/src/screens/SharedRoomsScreen.tsx:408"
"ui.room_owner_controls_22a2867b","rooms-and-tables","Room owner controls","","ui","client/src/screens/SharedRoomsScreen.tsx:308"
"ui.room_privacy_2fc78fd6","rooms-and-tables","Room privacy","","ui","client/src/components/RoomPrivacySettings.tsx:28"
"ui.room_tables_122f9b73","rooms-and-tables","Room tables","","ui","client/src/components/RoomToolbar.tsx:20"
"ui.rooms_you_created_d8ecdd41","rooms-and-tables","Rooms you created","","ui","client/src/screens/SharedRoomsScreen.tsx:423"
"ui.rooms_you_visit_will_appear_here_explore_your_rooms_to_ec14737c","rooms-and-tables","Rooms you visit will appear here. Explore your rooms to get started.","","ui","client/src/screens/SharedRoomsScreen.tsx:453"
"ui.roster_locked_ready_to_start_6e16f21e","rooms-and-tables","Roster locked · ready to start","","candidate","client/src/components/TableControls.tsx:32"
"ui.samir_7b4e6eeb","rooms-and-tables","Samir","","candidate","client/src/screens/LobbyScreen.tsx:16"
"ui.sample_tables_2a1e265c","rooms-and-tables","SAMPLE TABLES","","ui","client/src/screens/LobbyScreen.tsx:104"
"ui.save_or_reload_your_rule_changes_before_locking_or_star_49550025","rooms-and-tables","Save or reload your rule changes before locking or starting.","","ui","client/src/components/TableControls.tsx:48"
"ui.search_directory_387baa86","rooms-and-tables","Search directory","","ui","client/src/components/RoomGameControl.tsx:384; client/src/screens/SharedRoomsScreen.tsx:401"
"ui.search_players_e3799504","rooms-and-tables","Search players","","ui","client/src/components/RoomPrivacySettings.tsx:37"
"ui.seat_value_is_offered_to_you_for_the_next_match_7c8d269a","rooms-and-tables","Seat {{value1}} is offered to you for the next match.","","ui","client/src/components/TableControls.tsx:50"
"ui.seat_value_value_8743b117","rooms-and-tables","Seat {{value1}}: {{value2}}","","candidate","client/src/components/TableControls.tsx:36"
"ui.seats_692aab50","rooms-and-tables","Seats","","candidate","client/src/components/RoomGameControl.tsx:376"
"ui.seats_at_the_table_43e3b6a1","rooms-and-tables","Seats at the table","","ui","client/src/screens/LobbyScreen.tsx:78"
"ui.sending_your_action_76ec4371","rooms-and-tables; flush","Sending your action…","","candidate","client/src/components/RoomGameControl.tsx:224; client/src/screens/FlushTable.tsx:200"
"ui.share_09ca55ca","rooms-and-tables","Share","","ui","client/src/components/TableCard.tsx:32"
"ui.share_value_928c7a34","rooms-and-tables","Share {{value1}}","","ui","client/src/components/RoomCard.tsx:35; client/src/components/TableCard.tsx:32"
"ui.share_the_room_code_or_link_private_rooms_also_require_3fe291f2","rooms-and-tables","Share the room code or link. Private rooms also require an invitation from the owner.","","ui","client/src/components/RoomCard.tsx:79"
"ui.share_the_room_link_or_code_private_rooms_also_require_82a9200b","rooms-and-tables","Share the room link or code. Private rooms also require an invitation from the owner.","","ui","client/src/screens/SharedRoomsScreen.tsx:273"
"ui.share_the_table_code_above_friends_enter_it_on_the_room_9611afe7","rooms-and-tables","Share the table code above. Friends enter it on the room list, then choose Join game. It is the same code shown to the room creator.","","ui","client/src/screens/LobbyScreen.tsx:95"
"ui.shareable_table_code_value_582b9e81","rooms-and-tables","Shareable table code {{value1}}","","ui","client/src/screens/LobbyScreen.tsx:77"
"ui.shared_room_table_code_75a6cccf","rooms-and-tables","Shared room table code","","ui","client/src/screens/LobbyScreen.tsx:152"
"ui.showing_the_last_available_tables_try_refreshing_again_082a0692","rooms-and-tables","Showing the last available tables. Try refreshing again.","","candidate","client/src/components/ActiveGames.tsx:62"
"ui.sign_in_44922d1d","rooms-and-tables","sign in","","candidate","client/src/multiplayer/useRoomSession.ts:46"
"ui.sign_in_ada2e9e9","rooms-and-tables","Sign in","","candidate","client/src/screens/SharedRoomsScreen.tsx:351; client/src/screens/SharedRoomsScreen.tsx:470"
"ui.sign_in_again_before_creating_a_table_90a29d78","rooms-and-tables","Sign in again before creating a table.","","candidate","client/src/components/RoomGameControl.tsx:399"
"ui.sign_in_again_to_load_tables_490fb30a","rooms-and-tables","Sign in again to load tables.","","candidate","client/src/components/RoomGameControl.tsx:304"
"ui.sign_in_with_your_bhidne_ho_username_and_password_1b2e0ea9","rooms-and-tables","Sign in with your Bhidne Ho username and password.","","candidate","client/src/screens/SharedRoomsScreen.tsx:360"
"ui.sign_up_0b81497c","rooms-and-tables","Sign up","","candidate","client/src/screens/SharedRoomsScreen.tsx:351"
"ui.start_game_e92584d9","rooms-and-tables; flush","Start game","","candidate","client/src/components/TableControls.tsx:28; client/src/components/TableControls.tsx:42; client/src/components/TableStartCue.tsx:20; client/src/screens/FlushTable.tsx:97"
"ui.stay_as_observer_6a3173c4","rooms-and-tables","Stay as observer","","ui","client/src/components/RoomGameControl.tsx:338"
"ui.stay_in_room_fb6e3cf8","rooms-and-tables","Stay in room","","ui","client/src/screens/SharedRoomsScreen.tsx:328"
"ui.suman_e7626765","rooms-and-tables","Suman","","candidate","client/src/screens/LobbyScreen.tsx:17"
"ui.table_full_6db5f5ce","rooms-and-tables","Table full","","ui","client/src/screens/LobbyScreen.tsx:130"
"ui.table_name_92db13ef","rooms-and-tables","Table name","","ui","client/src/components/RoomGameControl.tsx:379; client/src/screens/LobbyScreen.tsx:86; client/src/screens/LobbyScreen.tsx:87"
"ui.table_name_required_4cd5cb96","rooms-and-tables","Table name (required)","","ui","client/src/components/RoomGameControl.tsx:379"
"ui.tables_3915396b","rooms-and-tables","tables","","ui","client/src/components/RoomToolbar.tsx:20"
"ui.tables_193daf13","rooms-and-tables","Tables","","ui","client/src/components/RoomToolbar.tsx:16"
"ui.take_seat_598fc34e","rooms-and-tables","Take seat","","ui","client/src/components/TableCard.tsx:12; client/src/multiplayer/tableNavigation.ts:15"
"ui.that_table_is_full_choose_a_table_with_an_open_seat_a402a069","rooms-and-tables","That table is full. Choose a table with an open seat.","","candidate","client/src/screens/LobbyScreen.tsx:46"
"ui.the_code_joins_your_shared_room_this_card_table_is_a_lo_9d76859c","rooms-and-tables","The code joins your shared room. This card table is a local preview; create or join the shared game using the room header.","","ui","client/src/screens/LobbyScreen.tsx:158"
"ui.the_previous_table_has_ended_you_can_now_take_a_seat_he_fd33845e","rooms-and-tables","The previous table has ended. You can now take a seat here.","","candidate","client/src/components/RoomGameControl.tsx:84; client/src/components/RoomGameControl.tsx:202"
"ui.the_previous_table_is_still_reserved_its_creator_must_e_93a25c8d","rooms-and-tables","The previous table is still reserved. Its creator must end it before you can take another seat.","","candidate","client/src/components/RoomGameControl.tsx:198"
"ui.the_table_is_taking_shape_60d9be19","rooms-and-tables","The table is taking shape.","","ui","client/src/screens/GameRoomsScreen.tsx:41"
"ui.there_s_always_room_for_one_more_round_60303b0b","rooms-and-tables","There’s always room for one more round.","","ui","client/src/screens/LobbyScreen.tsx:106"
"ui.this_deletes_the_room_for_everyone_end_active_tables_fi_a99ab77e","rooms-and-tables","This deletes the room for everyone. End active tables first.","","candidate","client/src/components/RoomCard.tsx:73"
"ui.this_game_is_no_longer_available_ask_for_a_new_game_lin_ded85fd0","rooms-and-tables","This game is no longer available. Ask for a new game link.","","candidate","client/src/components/InvitationPreview.tsx:25"
"ui.this_removes_your_room_membership_private_rooms_require_20c770b6","rooms-and-tables","This removes your room membership. Private rooms require a new invitation to rejoin.","","candidate","client/src/components/RoomCard.tsx:73"
"ui.this_room_is_no_longer_available_refresh_the_lobby_b204706d","rooms-and-tables","This room is no longer available. Refresh the lobby.","","candidate","client/src/screens/SharedRoomsScreen.tsx:130"
"ui.this_room_was_deleted_by_its_owner_56abecf5","rooms-and-tables","This room was deleted by its owner.","","candidate","client/src/multiplayer/useRoomSession.ts:90"
"ui.try_the_local_layout_to_create_a_shared_game_use_create_a21c7985","rooms-and-tables","Try the local layout. To create a shared game, use Create game in the room header.","","ui","client/src/screens/LobbyScreen.tsx:75"
"ui.two_to_five_players_build_your_melds_unlock_maal_and_fi_ef527517","rooms-and-tables","Two to five players. Build your melds, unlock Maal, and finish with eight Dublees.","","ui","client/src/screens/SharedRoomsScreen.tsx:260"
"ui.two_to_ten_players_bet_blind_or_seen_pack_and_show_when_4e2e85e9","rooms-and-tables","Two to ten players. Bet blind or seen, pack, and show when two players remain.","","ui","client/src/screens/SharedRoomsScreen.tsx:261"
"ui.updating_game_87e11791","rooms-and-tables","Updating game…","","candidate","client/src/components/RoomGameControl.tsx:365"
"ui.username_84c29015","rooms-and-tables","Username","","ui","client/src/screens/SharedRoomsScreen.tsx:367; client/src/screens/SharedRoomsScreen.tsx:367"
"ui.username_or_user_id_e015fc92","rooms-and-tables","Username or user ID","","ui","client/src/components/RoomPrivacySettings.tsx:36"
"ui.usernames_use_3_32_letters_numbers_underscores_or_hyphe_9bca7064","rooms-and-tables","Usernames use 3–32 letters, numbers, underscores, or hyphens. Passwords require at least 8 characters.","","ui","client/src/screens/SharedRoomsScreen.tsx:376"
"ui.view_all_games_795275de","rooms-and-tables","View all games","","candidate","client/src/components/ActiveGames.tsx:70"
"ui.view_game_history_balances_and_settlements_for_this_roo_9a0f3c52","rooms-and-tables","View game history, balances and settlements for this room.","","ui","client/src/screens/SharedRoomsScreen.tsx:305"
"ui.view_results_d766a0ac","rooms-and-tables","View results","","ui","client/src/multiplayer/tableNavigation.ts:12; client/src/multiplayer/tableNavigation.ts:17"
"ui.waiting_for_value_replacement_seatvalue_to_be_accepted_e655b15f","rooms-and-tables","Waiting for {{value1}} replacement seat{{value2}} to be accepted.","","ui","client/src/components/TableControls.tsx:37"
"ui.waiting_for_a_friend_0d58e6d6","rooms-and-tables","Waiting for a friend…","","candidate","client/src/screens/LobbyScreen.tsx:155"
"ui.waiting_for_eligible_seats_and_rule_approval_f168ad78","rooms-and-tables","Waiting for eligible seats and rule approval.","","candidate","client/src/components/TableStartCue.tsx:26"
"ui.waiting_for_players_c26c33fa","rooms-and-tables; flush","Waiting for players","","ui","client/src/components/TableCard.tsx:24; client/src/components/TableStartCue.tsx:22; client/src/screens/FlushTable.tsx:100"
"ui.waiting_for_the_table_service_your_form_will_stay_open_645fcb67","rooms-and-tables","Waiting for the table service. Your form will stay open while it retries.","","candidate","client/src/components/RoomGameControl.tsx:399"
"ui.waiting_room_preview_7c777b6f","rooms-and-tables","WAITING ROOM PREVIEW","","ui","client/src/screens/LobbyScreen.tsx:149"
"ui.watch_d91ebf58","rooms-and-tables","Watch","","ui","client/src/components/TableCard.tsx:33; client/src/multiplayer/tableNavigation.ts:14; client/src/multiplayer/tableNavigation.ts:17"
"ui.welcome_ca4f9dcf","rooms-and-tables","Welcome","","candidate","client/src/screens/SharedRoomsScreen.tsx:336"
"ui.welcome_back_b807833e","rooms-and-tables","Welcome back","","candidate","client/src/screens/SharedRoomsScreen.tsx:349"
"ui.welcome_value_70a82578","rooms-and-tables","Welcome, {{value1}}","","candidate","client/src/screens/SharedRoomsScreen.tsx:336"
"ui.what_are_we_playing_e65c30b2","rooms-and-tables","What are we playing?","","ui","client/src/screens/GameRoomsScreen.tsx:48"
"ui.who_can_discover_and_enter_this_room_d37ea5f7","rooms-and-tables","Who can discover and enter this room?","","ui","client/src/screens/SharedRoomsScreen.tsx:390"
"ui.you_are_seated_in_a_game_leave_the_game_and_room_the_ga_f4b749dd","rooms-and-tables","You are seated in a game. Leave the game and room? The game’s departure rules still apply.","","candidate","client/src/screens/SharedRoomsScreen.tsx:324"
"ui.you_can_delete_this_room_after_every_active_table_has_e_9903c028","rooms-and-tables","You can delete this room after every active table has ended.","","ui","client/src/screens/SharedRoomsScreen.tsx:309"
"ui.you_can_visit_this_room_but_each_account_can_occupy_onl_6eb452d0","rooms-and-tables","You can visit this room, but each account can occupy only one table at a time.","","ui","client/src/components/RoomGameControl.tsx:331"
"ui.you_haven_t_created_a_room_yet_fe81e0f2","rooms-and-tables","You haven’t created a room yet.","","ui","client/src/screens/SharedRoomsScreen.tsx:424"
"ui.you_re_in_the_value_room_preview_tables_and_gameplay_ar_c864d540","rooms-and-tables","You’re in the {{value1}} room preview. Tables and gameplay are coming next.","","ui","client/src/screens/GameRoomsScreen.tsx:42"
"ui.your_friends_haven_t_made_any_rooms_public_yet_7d6880c2","rooms-and-tables","Your friends haven’t made any rooms public yet.","","ui","client/src/screens/SharedRoomsScreen.tsx:435"
"ui.your_friends_your_favorite_game_enter_a_room_to_get_sta_bd66d165","rooms-and-tables","Your friends. Your favorite game. Enter a room to get started.","","ui","client/src/screens/GameRoomsScreen.tsx:49"
"ui.your_name_or_nickname_a0b3d84f","rooms-and-tables","Your name or nickname","","ui","client/src/screens/SharedRoomsScreen.tsx:363"
"ui.your_recent_rooms_on_this_device_aaa0fa62","rooms-and-tables","Your recent rooms on this device.","","ui","client/src/screens/SharedRoomsScreen.tsx:449"
"ui.your_rooms_728a9453","rooms-and-tables","Your rooms","","candidate","client/src/screens/SharedRoomsScreen.tsx:344"
"ui.your_seat_is_ready_this_is_how_the_table_will_look_whil_d7813135","rooms-and-tables","Your seat is ready. This is how the table will look while friends arrive.","","ui","client/src/screens/LobbyScreen.tsx:151"
"ui.your_shareable_table_code_11ccd4ba","rooms-and-tables","Your shareable table code","","ui","client/src/screens/LobbyScreen.tsx:76"
"ui.value_value_total_70ed3eda","scores-and-ledger","{{value1}} {{value2}} total","","candidate","client/src/components/MarriageScoring.tsx:48"
"ui.value_854060d5","scores-and-ledger","{{value1}} /","","candidate","client/src/components/RoomLedger.tsx:40"
"ui.value_value_value_c112cf15","scores-and-ledger","{{value1}} → {{value2}} · {{value3}}","","ui","client/src/components/RoomLedger.tsx:50"
"ui.value_value_value_points_73578f60","scores-and-ledger","{{value1}} × {{value2}}: {{value3}} points","","ui","client/src/components/MarriageScoring.tsx:99"
"ui.value_value_points_35710681","scores-and-ledger","{{value1}}: {{value2}} points","","ui","client/src/components/MarriageScoring.tsx:95"
"ui.additional_bonus_value_value_value_these_cards_can_also_501bf23c","scores-and-ledger","Additional bonus: {{value1}} × {{value2}} = {{value3}}. These cards can also earn Maal points.","","ui","client/src/components/MarriageScoring.tsx:101"
"ui.all_final_tunnelas_43dbca6b","scores-and-ledger","All final Tunnelas","","candidate","client/src/components/MarriageScoring.tsx:56; client/src/components/MarriageScoring.tsx:57"
"ui.all_players_11c94a3a","scores-and-ledger","all players","","candidate","client/src/components/MarriageScoring.tsx:59"
"ui.alter_f9e6b865","scores-and-ledger","Alter","","candidate","client/src/components/MarriageScoring.tsx:16"
"ui.before_the_first_draw_every_player_must_show_dealt_tunn_e56d7459","scores-and-ledger","Before the first draw, every player must show dealt Tunnelas or declare none. Only those initial declarations earn the Tunnela bonus.","","candidate","client/src/components/MarriageScoring.tsx:54"
"ui.could_not_load_ledger_ab6bb7c4","scores-and-ledger","Could not load ledger.","","candidate","client/src/components/RoomLedger.tsx:26"
"ui.could_not_start_settlement_b57ece52","scores-and-ledger","Could not start settlement.","","candidate","client/src/components/RoomLedger.tsx:30"
"ui.could_not_update_settlement_0aa291d1","scores-and-ledger","Could not update settlement.","","candidate","client/src/components/RoomLedger.tsx:31"
"ui.each_loser_pays_value_if_maal_seen_otherwise_value_plus_704c903d","scores-and-ledger","Each loser pays {{value1}} if Maal seen, otherwise {{value2}}, plus {{value3}} for a completed Dublee win.","","ui","client/src/components/MarriageScoring.tsx:92"
"ui.enter_whole_numbers_from_0_to_1000_5d191797","scores-and-ledger","Enter whole numbers from 0 to 1000.","","candidate","client/src/components/MarriageScoring.tsx:63"
"ui.extra_per_loser_dublee_win_86a54164","scores-and-ledger","Extra per loser: Dublee win","","candidate","client/src/components/MarriageScoring.tsx:17"
"ui.extra_points_per_tunnela_0ddda1ba","scores-and-ledger","Extra points per Tunnela","","candidate","client/src/components/MarriageScoring.tsx:17"
"ui.final_discard_excluded_from_scoring_2d6d550d","scores-and-ledger","Final discard · excluded from scoring","","ui","client/src/components/MarriageScoring.tsx:114"
"ui.game_value_value_value_ab7d95bc","scores-and-ledger","Game {{value1}} · {{value2}} · {{value3}}","","ui","client/src/components/RoomLedger.tsx:69"
"ui.game_results_and_records_only_payments_happen_outside_b_74988226","scores-and-ledger","Game results and records only. Payments happen outside Bhidne Ho.","","ui","client/src/components/RoomLedger.tsx:66"
"ui.hide_room_table_codes_ab458247","scores-and-ledger","Hide room/table codes","","candidate","client/src/components/RoomLedger.tsx:67"
"ui.house_bonus_default_55792bf8","scores-and-ledger","House bonus (default)","","candidate","client/src/components/MarriageScoring.tsx:45"
"ui.house_bonus_is_the_default_choose_a_preset_or_edit_any_ec970f0f","scores-and-ledger","House bonus is the default. Choose a preset or edit any value, then propose the change for player approval.","","candidate","client/src/components/MarriageScoring.tsx:43"
"ui.how_the_points_were_calculated_c28a89f3","scores-and-ledger","How the points were calculated","","ui","client/src/components/MarriageScoring.tsx:89"
"ui.initial_tunnela_declaration_value_d52b2679","scores-and-ledger","Initial Tunnela declaration: {{value1}}","","candidate","client/src/components/MarriageScoring.tsx:53"
"ui.initially_declared_tunnelas_d19bb2ae","scores-and-ledger","Initially declared Tunnelas","","candidate","client/src/components/MarriageScoring.tsx:56; client/src/components/MarriageScoring.tsx:57"
"ui.jhiplu_2454e401","scores-and-ledger","Jhiplu","","candidate","client/src/components/MarriageScoring.tsx:16"
"ui.loser_payment_maal_seen_f380c9fa","scores-and-ledger","Loser payment: Maal seen","","candidate","client/src/components/MarriageScoring.tsx:17"
"ui.loser_payment_maal_unseen_b4ee5b41","scores-and-ledger","Loser payment: Maal unseen","","candidate","client/src/components/MarriageScoring.tsx:17"
"ui.maal_net_players_x_own_maal_total_maal_net_points_maal_4d511e3b","scores-and-ledger","Maal net = players x own Maal - total Maal. Net points = Maal net + winner payment. All net points sum to zero.","","ui","client/src/components/MarriageScoring.tsx:91"
"ui.maal_net_value_x_value_value_value_fa955147","scores-and-ledger","Maal net: {{value1}} x {{value2}} - {{value3}} = {{value4}}","","ui","client/src/components/MarriageScoring.tsx:104"
"ui.maal_points_are_not_counted_because_maal_was_not_seen_51c8b5e9","scores-and-ledger","Maal points are not counted because Maal was not seen.","","candidate","client/src/components/MarriageScoring.tsx:97"
"ui.maal_points_value_0223940a","scores-and-ledger","Maal points: {{value1}}","","ui","client/src/components/MarriageScoring.tsx:59"
"ui.maal_points_all_players_cd384ae2","scores-and-ledger","Maal points: all players","","candidate","client/src/components/MarriageScoring.tsx:58"
"ui.maal_points_seen_players_only_48c992e5","scores-and-ledger","Maal points: seen players only","","candidate","client/src/components/MarriageScoring.tsx:58"
"ui.man_8b70bb3a","scores-and-ledger; marriage","Man","","ui","client/src/components/MarriageScoring.tsx:16; client/src/multiplayer/marriage.ts:23; client/src/multiplayer/marriageArrangement.ts:20; client/src/screens/MarriageTable.tsx:214"
"ui.marriage_combination_56504d0e","scores-and-ledger","Marriage combination","","candidate","client/src/components/MarriageScoring.tsx:16"
"ui.net_9bb81c2e","scores-and-ledger; flush","Net","","candidate","client/src/components/MarriageScoring.tsx:73; client/src/screens/FlushTable.tsx:255"
"ui.net_value_value_value_a011a87c","scores-and-ledger","Net: {{value1}} + ({{value2}}) = {{value3}}","","ui","client/src/components/MarriageScoring.tsx:106"
"ui.no_scoring_cards_a21c77fd","scores-and-ledger","No scoring cards.","","candidate","client/src/components/MarriageScoring.tsx:97"
"ui.none_6eef6648","scores-and-ledger","None","","candidate","client/src/components/MarriageScoring.tsx:56; client/src/components/MarriageScoring.tsx:57"
"ui.off_e3de5ab0","scores-and-ledger","Off","","candidate","client/src/components/MarriageScoring.tsx:53"
"ui.on_e0049a66","scores-and-ledger","On","","candidate","client/src/components/MarriageScoring.tsx:53"
"ui.own_maal_value_2a26db59","scores-and-ledger","Own Maal: {{value1}}","","ui","client/src/components/MarriageScoring.tsx:103"
"ui.payment_b41a92be","scores-and-ledger","Payment","","candidate","client/src/components/MarriageScoring.tsx:73"
"ui.points_appear_here_when_the_round_finishes_using_the_sa_65e022f1","scores-and-ledger","Points appear here when the round finishes, using the saved scoring rules.","","candidate","client/src/components/MarriageScoring.tsx:87"
"ui.poplu_ee3ecf6b","scores-and-ledger","Poplu","","candidate","client/src/components/MarriageScoring.tsx:16"
"ui.propose_scoring_rules_f29a21b9","scores-and-ledger","Propose scoring rules","","candidate","client/src/components/MarriageScoring.tsx:62"
"ui.round_complete_93ead568","scores-and-ledger","Round complete!","","candidate","client/src/components/RoundResultsTable.tsx:9"
"ui.rule_changes_apply_only_after_every_seated_player_accep_dba2eff0","scores-and-ledger","Rule changes apply only after every seated player accepts.","","candidate","client/src/components/MarriageScoring.tsx:63"
"ui.scoring_rules_d28b84df","scores-and-ledger","Scoring rules","","ui","client/src/components/MarriageScoring.tsx:42"
"ui.scoring_rules_are_loading_09b26c7a","scores-and-ledger","Scoring rules are loading.","","ui","client/src/components/MarriageScoring.tsx:29"
"ui.seen_players_only_7e0f4440","scores-and-ledger","seen players only","","candidate","client/src/components/MarriageScoring.tsx:59"
"ui.show_room_table_codes_80975898","scores-and-ledger","Show room/table codes","","candidate","client/src/components/RoomLedger.tsx:67"
"ui.shown_tunnelas_dabeb8ce","scores-and-ledger","Shown Tunnelas","","candidate","client/src/components/MarriageScoring.tsx:56; client/src/components/MarriageScoring.tsx:57"
"ui.simple_points_069e8ac5","scores-and-ledger","Simple points","","candidate","client/src/components/MarriageScoring.tsx:45"
"ui.the_creator_selects_these_rules_before_the_round_they_a_14ee9254","scores-and-ledger","The creator selects these rules before the round. They are locked during play.","","candidate","client/src/components/MarriageScoring.tsx:43"
"ui.the_game_was_ended_without_a_winner_no_final_points_wer_d2b4979d","scores-and-ledger","The game was ended without a winner. No final points were calculated.","","candidate","client/src/components/MarriageScoring.tsx:86"
"ui.this_round_has_no_scoring_breakdown_available_25312fbc","scores-and-ledger","This round has no scoring breakdown available.","","candidate","client/src/components/MarriageScoring.tsx:87"
"ui.tiplu_2a72dc8f","scores-and-ledger","Tiplu","","candidate","client/src/components/MarriageScoring.tsx:16"
"ui.total_maal_value_positive_points_are_won_negative_point_f12a4f0a","scores-and-ledger","Total Maal: {{value1}}. Positive points are won; negative points are paid.","","ui","client/src/components/MarriageScoring.tsx:90"
"ui.totals_for_1_2_3_copies_or_combinations_02e8049f","scores-and-ledger","Totals for 1 / 2 / 3 copies or combinations","","ui","client/src/components/MarriageScoring.tsx:46"
"ui.tunnela_bonus_d3bd796e","scores-and-ledger","Tunnela bonus","","candidate","client/src/components/MarriageScoring.tsx:101"
"ui.tunnela_bonus_applies_to_9779acb5","scores-and-ledger","Tunnela bonus applies to","","candidate","client/src/components/MarriageScoring.tsx:54"
"ui.unsaved_changes_29267269","scores-and-ledger","Unsaved changes","","candidate","client/src/components/MarriageScoring.tsx:63"
"ui.winner_payment_value_664919c7","scores-and-ledger","Winner payment: {{value1}}","","ui","client/src/components/MarriageScoring.tsx:105"
"ui.winner_value_c18dcefb","scores-and-ledger; flush","Winner: {{value1}}","","ui","client/src/components/MarriageScoring.tsx:73; client/src/screens/FlushTable.tsx:255"
"ui.winning_declaration_c0762a1f","scores-and-ledger","Winning declaration","","ui","client/src/components/MarriageScoring.tsx:109"
"ui.won_by_fold_all_other_players_withdrew_no_winning_decla_27feb3d6","scores-and-ledger","Won by fold · all other players withdrew. No winning declaration was required.","","ui","client/src/components/MarriageScoring.tsx:108"
"ui._value_9ac02cbe","shared",", {{value1}}","","ui","client/src/components/PlayerSeat.tsx:37"
"ui._value_unread_b401b022","shared; social",", {{value1}} unread","","ui","client/src/components/NotificationBell.tsx:79; client/src/components/TableSocial.tsx:214"
"ui._valuescore_value_ef762077","shared",", {{value1}}score {{value2}}","","ui","client/src/components/GameDetails.tsx:46"
"ui._active_18d37c13","shared",", active","","ui","client/src/components/GameDetails.tsx:46"
"ui._current_turn_2bffaecd","shared",", current turn","","ui","client/src/components/PlayerSeat.tsx:37"
"ui._dealer_a38c1ce2","shared",", dealer","","ui","client/src/components/PlayerSeat.tsx:37"
"ui._disconnected_4e065fad","shared",", disconnected","","ui","client/src/components/PlayerSeat.tsx:37"
"ui._led_this_trick_fb4cae7b","shared",", led this trick","","ui","client/src/components/CardTable.tsx:52"
"ui._you_52ec5862","shared",", you","","ui","client/src/components/GameDetails.tsx:28"
"ui._you_e5afbd1e","shared",", You","","ui","client/src/components/PlayerSeat.tsx:37"
"ui._value_value_accepted_317a48ba","shared","· {{value1}}/{{value2}} accepted","","candidate","client/src/components/RuleProposal.tsx:22"
"ui._you_801456e1","shared; scores-and-ledger","· You","","candidate","client/src/components/GameMenu.tsx:40; client/src/components/RoundResultsTable.tsx:30"
"ui.value_144b1471","shared; rooms-and-tables; flush","{{value1}} ·","","candidate","client/src/components/GameHistory.tsx:31; client/src/components/TableCard.tsx:19; client/src/screens/FlushTable.tsx:137; client/src/screens/FlushTable.tsx:176"
"ui.value_value_value_value_players_7704f361","shared","{{value1}} · {{value2}} · {{value3}}/{{value4}} players","","ui","client/src/components/GameMenu.tsx:69"
"ui.value_value_value_value_seated_value_opening_does_not_t_3a53875b","shared","{{value1}} · {{value2}} · {{value3}}/{{value4}} seated · {{value5}} · Opening does not take a seat.","","ui","client/src/components/NotificationBell.tsx:106"
"ui.value_value_value_accepted_63ed3b3c","shared","{{value1}} · {{value2}}/{{value3}} accepted","","ui","client/src/components/RuleProposal.tsx:30"
"ui.value_code_value_a882c323","shared","{{value1}} code {{value2}}","","ui","client/src/components/ShareLink.tsx:58"
"ui.value_folded_15acef63","shared","{{value1}} folded","","candidate","client/src/notifications/gameNotification.ts:34"
"ui.value_for_everyone_9bf34888","shared","{{value1}} for everyone","","candidate","client/src/components/EndGameControl.tsx:21; client/src/components/EndGameControl.tsx:31"
"ui.value_invitation_link_c12b6a6b","shared","{{value1}} invitation link","","ui","client/src/components/ShareLink.tsx:34"
"ui.value_invited_you_to_value_c4372d7c","shared","{{value1}} invited you to {{value2}}.","","ui","client/src/components/NotificationBell.tsx:98; client/src/components/NotificationBell.tsx:106"
"ui.value_pays_first_5d2d2391","shared","{{value1}} pays first","","ui","client/src/components/GameDetails.tsx:79"
"ui.value_place_1st_value_units_c7c25307","shared","{{value1}} place → 1st: {{value2}} units","","ui","client/src/components/GameDetails.tsx:83"
"ui.value_place_payment_7b359a53","shared","{{value1}} place payment","","ui","client/src/components/GameDetails.tsx:80"
"ui.value_played_valuevalue_6e613ab4","shared; callbreak","{{value1}} played {{value2}}{{value3}}","","ui","client/src/components/CardTable.tsx:52; client/src/screens/LiveGameTable.tsx:183"
"ui.value_proposed_rule_changes_valuevalue_review_a32bc968","shared","{{value1}} proposed rule changes · {{value2}}{{value3}} · Review","","ui","client/src/components/RuleProposal.tsx:22"
"ui.value_waiting_7e6d0d83","shared; rooms-and-tables","{{value1}} waiting","","ui","client/src/components/GameMenu.tsx:42; client/src/components/TableCard.tsx:29"
"ui.value_value_73ed1c8c","shared; rooms-and-tables","{{value1}}, {{value2}}","","ui","client/src/components/GameMenu.tsx:24; client/src/screens/SharedRoomsScreen.tsx:294"
"ui.value_deal_valuevalue_bid_value_won_valuevalue_22d94857","shared","{{value1}}, deal {{value2}}{{value3}}, bid {{value4}}, won {{value5}}{{value6}}","","ui","client/src/components/GameDetails.tsx:46"
"ui.value_value_value_16f2926f","shared","{{value1}}: {{value2}} → {{value3}}","","ui","client/src/components/RuleProposal.tsx:29"
"ui.value_valuevalue_28e00bb6","shared","{{value1}}: {{value2}}{{value3}}","","ui","client/src/components/GameHistory.tsx:25"
"ui.value_value_players_seated_c13c3de5","shared; flush","{{value1}}/{{value2}} players seated","","candidate","client/src/notifications/gameNotification.ts:22; client/src/screens/FlushTable.tsx:177"
"ui._turn_5de4c31f","shared","● TURN","","candidate","client/src/components/PlayerSeat.tsx:49"
"ui.a_player_2450a8ad","shared","A player","","candidate","client/src/components/NotificationBell.tsx:98; client/src/components/NotificationBell.tsx:106"
"ui.accept_rules_c06fa27f","shared","Accept rules","","ui","client/src/components/RuleProposal.tsx:34"
"ui.accepted_your_connection_request_3b82140f","shared","accepted your connection request.","","candidate","client/src/components/NotificationBell.tsx:114"
"ui.accepting_adds_this_room_to_your_memberships_d7dde67c","shared","Accepting adds this room to your memberships.","","ui","client/src/components/NotificationBell.tsx:98"
"ui.across_the_app_saved_on_this_device_01cc75f9","shared","Across the app · saved on this device","","ui","client/src/components/TableThemePicker.tsx:12"
"ui.action_rejected_ce09f819","shared","Action rejected.","","candidate","client/src/multiplayer/PendingGameAction.ts:41"
"ui.active_a733b809","shared","Active","","candidate","client/src/components/GameDetails.tsx:36"
"ui.allow_no_spades_redeal_de482e0b","shared","Allow no spades redeal","","ui","client/src/components/GameDetails.tsx:74"
"ui.allow_weak_hand_redeal_28cbcca3","shared","Allow weak hand redeal","","ui","client/src/components/GameDetails.tsx:74"
"ui.anonymous_player_profile_f274225b","shared","Anonymous player profile","","ui","client/src/components/PlayerAvatar.tsx:9; client/src/components/PlayerSeat.tsx:45"
"ui.back_to_room_05b5ad94","shared; rooms-and-tables; callbreak","Back to room","","ui","client/src/components/EndedTableNotice.tsx:10; client/src/components/EndedTableNotice.tsx:10; client/src/components/GameMenu.tsx:57; client/src/components/RoomGameControl.tsx:402; client/src/components/RoundSummary.tsx:34"
"ui.bearer_value_0071d6a4","shared","Bearer {{value1}}","","candidate","client/src/multiplayer/api.ts:30; client/src/multiplayer/GameCommandClient.ts:48"
"ui.bet_history_1a4a480f","shared; flush","Bet history","","ui","client/src/components/GameMenu.tsx:51; client/src/screens/FlushTable.tsx:270"
"ui.bhidne_ho_87dd8a8b","shared","Bhidne Ho","","ui","client/src/components/AppHeader.tsx:25; client/src/components/BrandArt.tsx:5; client/src/components/BrandArt.tsx:10; client/src/components/BrandArt.tsx:17"
"ui.bhidne_ho_friends_playing_cards_in_nepal_more_than_a_ga_641050c0","shared","Bhidne Ho — friends playing cards in Nepal. More than a game, it’s our time.","","ui","client/src/screens/WelcomeScreen.tsx:38"
"ui.bid_1_value_make_your_bid_to_score_that_many_points_plu_94544c78","shared","Bid 1–{{value1}}. Make your bid to score that many points, plus 0.1 per extra trick. Miss it and lose your bid. Highest total wins.","","ui","client/src/components/GameDetails.tsx:70"
"ui.bid_pending_c7a5583b","shared","Bid pending","","ui","client/src/multiplayer/bidProgress.ts:3"
"ui.bidding_is_open_6e8c33fd","shared","Bidding is open","","candidate","client/src/notifications/gameNotification.ts:27"
"ui.browser_session_storage_is_unavailable_enable_it_to_sig_d3f84aba","shared","Browser session storage is unavailable. Enable it to sign in.","","candidate","client/src/auth/storage.ts:5"
"ui.call_break_rules_2bc34cfc","shared","Call Break rules","","ui","client/src/components/GameDetails.tsx:68; client/src/components/GameDetails.tsx:96"
"ui.cancel_ending_table_327f8e34","shared","Cancel ending table","","ui","client/src/components/EndGameControl.tsx:18"
"ui.cannot_reach_bid_55fd1945","shared","Cannot reach bid","","ui","client/src/multiplayer/bidProgress.ts:5"
"ui.choose_an_action_e82323b6","shared; flush","Choose an action","","ui","client/src/components/MobileGameHand.tsx:38; client/src/screens/FlushTable.tsx:175"
"ui.choose_table_theme_5ab37710","shared","Choose table theme","","ui","client/src/components/GameTableHeader.tsx:56"
"ui.choose_theme_b2ad23c0","shared","Choose theme","","ui","client/src/components/ThemeAction.tsx:15; client/src/components/ThemeAction.tsx:20"
"ui.close_bbfa773e","shared","Close","","ui","client/src/components/NotificationBell.tsx:91"
"ui.close_call_break_rules_01af2515","shared","Close Call Break rules","","ui","client/src/components/GameDetails.tsx:96"
"ui.close_notifications_f0252bf7","shared","Close notifications","","ui","client/src/components/NotificationBell.tsx:91"
"ui.close_rule_review_5ee9007c","shared","Close rule review","","ui","client/src/components/RuleProposal.tsx:37"
"ui.close_table_menu_5c746282","shared","Close table menu","","ui","client/src/components/GameTableHeader.tsx:85"
"ui.close_table_menu_backdrop_3b3116e8","shared","Close table menu backdrop","","ui","client/src/components/GameTableHeader.tsx:80"
"ui.close_table_sharing_a8ba37f8","shared","Close table sharing","","ui","client/src/components/ShareLink.tsx:97"
"ui.close_table_themes_7ec89755","shared","Close table themes","","ui","client/src/components/GameTableHeader.tsx:107"
"ui.close_themes_94c637d7","shared","Close themes","","ui","client/src/components/ThemeAction.tsx:20"
"ui.close_your_card_area_e5cd1ceb","shared","Close your card area","","ui","client/src/components/MobileGameHand.tsx:28"
"ui.collapse_your_card_area_eb98acc5","shared","Collapse your card area","","ui","client/src/components/HandAreaBar.tsx:23"
"ui.completed_trick_history_52c1d01a","shared","Completed trick history","","ui","client/src/components/GameHistory.tsx:21"
"ui.completed_tricks_will_appear_here_66e4a6e5","shared","Completed tricks will appear here.","","ui","client/src/components/GameHistory.tsx:28"
"ui.continue_with_value_9d13125e","shared","Continue with {{value1}}","","candidate","client/src/components/SignInButton.tsx:26"
"ui.copy_value_code_b1e113cd","shared","Copy {{value1}} code","","ui","client/src/components/ShareLink.tsx:51; client/src/components/ShareLink.tsx:56"
"ui.copy_invite_link_0cebb893","shared","Copy Invite Link","","ui","client/src/components/ShareLink.tsx:27; client/src/components/ShareLink.tsx:32"
"ui.copy_room_link_b263a7bf","shared","Copy room link","","ui","client/src/components/ShareLink.tsx:66"
"ui.copy_table_link_409bf84c","shared","Copy table link","","ui","client/src/components/ShareLink.tsx:76"
"ui.copy_unavailable_9389d097","shared","Copy unavailable","","candidate","client/src/components/ShareLink.tsx:22; client/src/components/ShareLink.tsx:46; client/src/components/ShareLink.tsx:93"
"ui.could_not_complete_this_request_please_try_again_ff9c5a40","shared","Could not complete this request. Please try again.","","candidate","client/src/multiplayer/apiResponse.ts:23"
"ui.could_not_load_notifications_8b23b3ef","shared","Could not load notifications.","","candidate","client/src/components/NotificationBell.tsx:38"
"ui.could_not_share_use_the_copy_options_above_16427bd5","shared","Could not share. Use the copy options above.","","candidate","client/src/components/ShareLink.tsx:95"
"ui.could_not_update_notifications_88b6b3a1","shared","Could not update notifications.","","candidate","client/src/components/NotificationBell.tsx:53"
"ui.could_not_update_the_request_f04712bf","shared","Could not update the request.","","candidate","client/src/components/NotificationBell.tsx:61"
"ui.could_not_update_the_room_invitation_6f76219b","shared","Could not update the room invitation.","","candidate","client/src/components/NotificationBell.tsx:75"
"ui.could_not_update_the_table_invitation_20d378d1","shared","Could not update the table invitation.","","candidate","client/src/components/NotificationBell.tsx:68"
"ui.creator_settings_save_before_starting_75120bac","shared","Creator settings · save before starting","","candidate","client/src/components/GameDetails.tsx:71"
"ui.current_deal_newest_first_c179d586","shared","Current deal · newest first","","candidate","client/src/components/GameHistory.tsx:34"
"ui.current_theme_value_a9df6b11","shared","Current theme: {{value1}}","","ui","client/src/components/GameTableHeader.tsx:56; client/src/components/ThemeAction.tsx:15"
"ui.current_trick_5b97ef00","shared","Current trick","","ui","client/src/components/CardTable.tsx:46"
"ui.deal_87078fc0","shared; callbreak","Deal","","ui","client/src/components/GameDetails.tsx:27; client/src/multiplayer/roundFlow.ts:1"
"ui.deal_value_value_4d1aa691","shared","Deal {{value1}} · {{value2}}","","candidate","client/src/notifications/gameNotification.ts:28"
"ui.deal_value_tricks_f67fdb0f","shared","Deal {{value1}} tricks","","candidate","client/src/components/GameHistory.tsx:18"
"ui.deal_valuevalue_a3761c7c","shared","Deal {{value1}}{{value2}}","","ui","client/src/components/GameDetails.tsx:36"
"ui.declined_your_connection_request_974d2cec","shared","declined your connection request.","","candidate","client/src/components/NotificationBell.tsx:114"
"ui.done_e9b450d1","shared","Done","","ui","client/src/components/NumericInput.tsx:14"
"ui.done_editing_number_65246cc5","shared","Done editing number","","ui","client/src/components/NumericInput.tsx:13"
"ui.end_game_fc7de771","shared","End game","","candidate","client/src/components/EndGameControl.tsx:8; client/src/components/GameMenu.tsx:61"
"ui.end_table_dd4f88e8","shared","End table","","candidate","client/src/components/EndGameControl.tsx:8; client/src/components/GameMenu.tsx:61"
"ui.end_this_game_for_everyone_play_will_stop_without_decla_dccb0bbe","shared","End this game for everyone? Play will stop without declaring a winner. Completed results remain available in the room ledger. The room stays open.","","candidate","client/src/components/EndGameControl.tsx:9"
"ui.end_this_game_caa9d8e4","shared","End this game?","","ui","client/src/components/EndGameControl.tsx:18"
"ui.end_this_table_745a9356","shared","End this table?","","ui","client/src/components/EndGameControl.tsx:18"
"ui.english_649df08a","shared","English","","candidate","client/src/components/GameMenu.tsx:59"
"ui.escape_b4cfe1f4","shared; rooms-and-tables","Escape","","candidate","client/src/components/GameTableHeader.tsx:42; client/src/components/RoomSheet.tsx:24"
"ui.every_seated_player_must_accept_a_rejection_keeps_the_e_1c827c36","shared","Every seated player must accept. A rejection keeps the existing rules. Viewers can review but cannot vote.","","ui","client/src/components/RuleProposal.tsx:28"
"ui.everyone_is_ready_the_creator_can_start_ab95a080","shared","Everyone is ready · the creator can start","","candidate","client/src/notifications/gameNotification.ts:22"
"ui.expand_your_card_area_40a81b65","shared","Expand your card area","","ui","client/src/components/HandAreaBar.tsx:19"
"ui.friend_and_room_activity_will_appear_here_da1d78f4","shared","Friend and room activity will appear here.","","ui","client/src/components/NotificationBell.tsx:95"
"ui.game_cda051c9","shared","game","","ui","client/src/components/ShareLink.tsx:27"
"ui.game_e3e82846","shared","Game","","candidate","client/src/components/GameMenu.tsx:50"
"ui.game_complete_see_the_final_scores_2758c2e0","shared","Game complete · see the final scores","","candidate","client/src/notifications/gameNotification.ts:21"
"ui.game_history_bbcc99e4","shared","Game history","","ui","client/src/components/GameHistory.tsx:14"
"ui.game_request_failed_try_again_4b84b2a0","shared","Game request failed. Try again.","","candidate","client/src/multiplayer/GameCommandClient.ts:53"
"ui.game_updated_0fc7713c","shared","Game updated","","candidate","client/src/notifications/gameNotification.ts:28"
"ui.google_2b681c0a","shared; social","Google","","candidate","client/src/components/SignInButton.tsx:25; client/src/components/SignInButton.tsx:36; client/src/components/SocialSignInButtons.tsx:38"
"ui.green_felt_and_polished_wood_3f14d0c8","shared","Green felt and polished wood","","ui","client/src/tableThemes.ts:4"
"ui.input_textarea_cdbfd11a","shared","input, textarea","","candidate","client/src/components/KeyboardFrame.tsx:26"
"ui.join_my_bhidne_ho_table_3d078746","shared","Join my Bhidne Ho table","","ui","client/src/components/ShareLink.tsx:92"
"ui.keep_playing_bb76090a","shared; marriage; rooms-and-tables","Keep playing","","candidate","client/src/components/EndGameControl.tsx:20; client/src/components/EndGameControl.tsx:30; client/src/components/MaalReady.tsx:41; client/src/components/TableControls.tsx:59; client/src/screens/MarriageTable.tsx:182"
"ui.language_89b86ab0","shared","Language","","candidate","client/src/components/GameMenu.tsx:59"
"ui.leave_table_36b18c50","shared; rooms-and-tables","Leave Table","","ui","client/src/components/GameMenu.tsx:61; client/src/components/RoomGameControl.tsx:247; client/src/components/RoomGameControl.tsx:247; client/src/components/TableControls.tsx:43; client/src/components/TableControls.tsx:45"
"ui.led_af05c8c3","shared; callbreak","Led","","candidate","client/src/components/CardTable.tsx:61; client/src/screens/LiveGameTable.tsx:187"
"ui.link_copied_paste_it_into_any_messaging_app_03343970","shared","Link copied. Paste it into any messaging app.","","candidate","client/src/components/ShareLink.tsx:93"
"ui.mvalue_valueh2v2h2v2h2v4h_2v2h_2v2h_4v_2h_2v_2h_2v_4h2v_291ba3c3","shared","M{{value1}} {{value2}}h2v2h2v2h2v4h-2v2h-2v2h-4v-2h-2v-2h-2v-4h2v-2h2v-2Z","","candidate","client/src/components/CardBack.tsx:15"
"ui.m0_1_l2_1_m3_4_l5_4_d57d249e","shared","M0 1 L2 1 M3 4 L5 4","","candidate","client/src/components/TableSurface.tsx:27"
"ui.m0_100l85_24l132_65l220_6l330_103l395_54l485_110l540_61_1c4ffa26","shared","M0 100L85 24L132 65L220 6L330 103L395 54L485 110L540 61L600 101V120H0Z","","candidate","client/src/components/NepaliLandscape.tsx:14"
"ui.m0_108q90_67_178_99t360_96t600_87v120h0z_fea81aea","shared","M0 108Q90 67 178 99T360 96T600 87V120H0Z","","candidate","client/src/components/NepaliLandscape.tsx:16"
"ui.m0_3_q18_8_36_3_m0_12_q18_16_36_12_008951ef","shared","M0 3 Q18 8 36 3 M0 12 Q18 16 36 12","","candidate","client/src/components/TableSurface.tsx:24"
"ui.m0_63_q45_48_94_62_t220_63_4f93f798","shared","M0 63 Q45 48 94 62 T220 63","","candidate","client/src/components/TableSurface.tsx:41"
"ui.m1_0_l4_18_m8_0_l6_18_m12_0_l16_18_m0_7_l18_9_m0_14_l18_2e324e0a","shared","M1 0 L4 18 M8 0 L6 18 M12 0 L16 18 M0 7 L18 9 M0 14 L18 12","","candidate","client/src/components/TableSurface.tsx:30"
"ui.m10_13a5_5_0_0_0_7_0l3_3a5_5_0_0_0_7_7l_2_2m14_11a5_5_0_e29f41d6","shared","M10 13a5 5 0 0 0 7 0l3-3a5 5 0 0 0-7-7l-2 2M14 11a5 5 0 0 0-7 0l-3 3a5 5 0 0 0 7 7l2-2","","candidate","client/src/components/ShareLink.tsx:30"
"ui.m10_4h5a1_1_0_0_0_1_1v14a1_1_0_0_0_1_1h5m10_12h11m_4_4_99a3dd1a","shared","M10 4H5a1 1 0 0 0-1 1v14a1 1 0 0 0 1 1h5M10 12h11m-4-4 4 4-4 4","","candidate","client/src/components/HeaderAction.tsx:17"
"ui.m10_53_28_59a14_4_14_4_0_0_1_9_75_24c0_1_59_27_3_13_78_90d021d6","shared","M10.53 28.59A14.4 14.4 0 0 1 9.75 24c0-1.59.27-3.13.78-4.59l-7.98-6.19A23.87 23.87 0 0 0 0 24c0 3.87.93 7.53 2.56 10.78l7.97-6.19Z","","candidate","client/src/components/SignInButton.tsx:14"
"ui.m107_101_l126_72_l146_98_l131_92_l123_100_l118_93_z_m18_10652a0e","shared","M107 101 L126 72 L146 98 L131 92 L123 100 L118 93 Z M183 111 L201 89 L222 109 L206 104 L199 111 L195 103 Z","","candidate","client/src/components/TableSurface.tsx:58"
"ui.m16_8v5a2_2_0_0_0_2_2h5a2_2_0_0_0_2_2v10a2_2_0_0_0_2_2h_f366d687","shared","M16 8V5a2 2 0 0 0-2-2H5a2 2 0 0 0-2 2v10a2 2 0 0 0 2 2h3","","candidate","client/src/components/ShareLink.tsx:54"
"ui.m168_49_l168_5_m168_27_l152_12_m169_20_l183_5_7f05d0f9","shared","M168 49 L168 5 M168 27 L152 12 M169 20 L183 5","","candidate","client/src/components/TableSurface.tsx:51"
"ui.m170_53l220_6l269_50l237_36l220_43l203_32z_m57_49l85_24_30cdfe0a","shared","M170 53L220 6L269 50L237 36L220 43L203 32Z M57 49L85 24L114 50L86 40Z","","candidate","client/src/components/NepaliLandscape.tsx:15"
"ui.m18_19_l59_9_l103_19_z_27c3907d","shared","M18 19 L59 -9 L103 19 Z","","candidate","client/src/components/TableSurface.tsx:43"
"ui.m18_8a6_6_0_0_0_12_0c0_7_3_7_3_9h18c0_2_3_2_3_9m10_21h4_269f94d1","shared","M18 8a6 6 0 0 0-12 0c0 7-3 7-3 9h18c0-2-3-2-3-9M10 21h4","","candidate","client/src/components/NotificationBell.tsx:82"
"ui.m2_61_q2_37_15_28_q28_40_27_61_z_52f27203","shared","M2 61 Q2 37 15 28 Q28 40 27 61 Z","","candidate","client/src/components/TableSurface.tsx:47"
"ui.m24_48c6_48_0_11_93_2_13_15_9_5_8l_7_73_6c_2_15_1_45_4_f8c1ca60","shared","M24 48c6.48 0 11.93-2.13 15.9-5.8l-7.73-6c-2.15 1.45-4.92 2.3-8.17 2.3-6.26 0-11.57-4.22-13.47-9.91l-7.98 6.19C6.51 42.62 14.62 48 24 48Z","","candidate","client/src/components/SignInButton.tsx:15"
"ui.m24_9_5c3_54_0_6_71_1_22_9_21_3_6l6_85_6_85c35_9_2_38_3_ec66f3fd","shared","M24 9.5c3.54 0 6.71 1.22 9.21 3.6l6.85-6.85C35.9 2.38 30.47 0 24 0 14.62 0 6.51 5.38 2.56 13.22l7.98 6.19C12.43 13.72 17.74 9.5 24 9.5Z","","candidate","client/src/components/SignInButton.tsx:12"
"ui.m25_26l34_37l25_48l16_37z_4e161c49","shared","M25 26L34 37L25 48L16 37Z","","candidate","client/src/components/CardBack.tsx:19"
"ui.m25_32l27_35l30_37l27_39l25_42l23_39l20_37l23_35z_6d717044","shared","M25 32L27 35L30 37L27 39L25 42L23 39L20 37L23 35Z","","candidate","client/src/components/CardBack.tsx:20"
"ui.m29_15_l59_5_m42_15_l61_5_m57_15_l63_4_m73_15_l65_3_m89_86af65bc","shared","M29 15 L59 -5 M42 15 L61 -5 M57 15 L63 -4 M73 15 L65 -3 M89 15 L67 -2","","candidate","client/src/components/TableSurface.tsx:44"
"ui.m34_29_h45_v41_h34_z_m76_29_h87_v41_h76_z_7e64f31b","shared","M34 29 H45 V41 H34 Z M76 29 H87 V41 H76 Z","","candidate","client/src/components/TableSurface.tsx:46"
"ui.m4_5_21v_2a7_5_7_5_0_0_1_15_0v2_78f597bf","shared","M4.5 21v-2a7.5 7.5 0 0 1 15 0v2","","candidate","client/src/components/HeaderAction.tsx:16"
"ui.m443_78q466_69_478_59q490_69_513_78z_m451_59q468_53_478_c57ebb8b","shared","M443 78Q466 69 478 59Q490 69 513 78Z M451 59Q468 53 478 43Q488 53 505 59Z M461 41L478 27L495 41Z","","candidate","client/src/components/NepaliLandscape.tsx:18"
"ui.m46_98_24_55c0_1_57_15_3_09_38_4_55h24v9_02h12_94c_58_2_76de9788","shared","M46.98 24.55c0-1.57-.15-3.09-.38-4.55H24v9.02h12.94c-.58 2.96-2.26 5.48-4.78 7.18l7.73 6c4.51-4.17 7.09-10.32 7.09-17.65Z","","candidate","client/src/components/SignInButton.tsx:13"
"ui.m478_22v31_m450_114h509_4072e869","shared","M478 22V31 M450 114H509","","candidate","client/src/components/NepaliLandscape.tsx:19"
"ui.m60_162_l112_125_l159_156_l217_122_l301_177_z_e2eb7f9d","shared","M60 162 L112 125 L159 156 L217 122 L301 177 Z","","candidate","client/src/components/TableSurface.tsx:59"
"ui.m75_147_l126_72_l164_119_l201_89_l282_164_z_c07061b5","shared","M75 147 L126 72 L164 119 L201 89 L282 164 Z","","candidate","client/src/components/TableSurface.tsx:57"
"ui.m9_59_l15_34_l20_59_m5_51_h24_c933d2b5","shared","M9 59 L15 34 L20 59 M5 51 H24","","candidate","client/src/components/TableSurface.tsx:48"
"ui.mark_all_as_read_1b83163b","shared","Mark all as read","","ui","client/src/components/NotificationBell.tsx:93"
"ui.marriage_the_table_has_updated_aec6c584","shared","Marriage · the table has updated","","candidate","client/src/notifications/gameNotification.ts:19"
"ui.marriage_complete_view_the_result_a2237cab","shared","Marriage complete · view the result","","candidate","client/src/notifications/gameNotification.ts:17"
"ui.met_e4028358","shared","Met","","ui","client/src/multiplayer/bidProgress.ts:4"
"ui.missed_bid_205adcca","shared","missed bid,","","ui","client/src/components/GameDetails.tsx:46"
"ui.mountain_silhouettes_beneath_an_evening_sky_6925bfdb","shared","Mountain silhouettes beneath an evening sky","","ui","client/src/tableThemes.ts:9"
"ui.need_value_770df758","shared","Need {{value1}}","","ui","client/src/multiplayer/bidProgress.ts:6"
"ui.no_816c52fd","shared","No","","candidate","client/src/components/RuleProposal.tsx:13"
"ui.no_activity_yet_8bdea321","shared","No activity yet.","","ui","client/src/components/GameHistory.tsx:32"
"ui.notifications_753a22b2","shared","Notifications","","ui","client/src/components/NotificationBell.tsx:90"
"ui.notificationsvalue_94355004","shared","Notifications{{value1}}","","ui","client/src/components/NotificationBell.tsx:79"
"ui.offline_e01fa717","shared; rooms-and-tables","Offline","","ui","client/src/components/PlayerSeat.tsx:49; client/src/screens/SharedRoomsScreen.tsx:294"
"ui.offline_value_9f4f0c85","shared","Offline · {{value1}}","","candidate","client/src/components/PlayerSeat.tsx:51"
"ui.only_the_creator_can_edit_settings_before_the_game_star_779d67ef","shared","Only the creator can edit settings before the game starts.","","candidate","client/src/components/GameDetails.tsx:71"
"ui.open_profile_3146b008","shared","Open profile","","ui","client/src/components/HeaderAction.tsx:10"
"ui.open_room_81e490f0","shared","Open room","","ui","client/src/components/NotificationBell.tsx:100"
"ui.open_table_0e97e58e","shared","Open table","","ui","client/src/components/NotificationBell.tsx:108"
"ui.paral_a_village_house_and_a_chautari_42337a0e","shared","Paral, a village house and a chautari","","ui","client/src/tableThemes.ts:5"
"ui.pending_e2258693","shared","pending","","ui","client/src/components/GameDetails.tsx:46"
"ui.placement_bets_paid_to_first_place_c3cfc444","shared","Placement bets · paid to first place","","ui","client/src/components/GameDetails.tsx:77"
"ui.player_photo_d940fde2","shared","Player photo","","ui","client/src/components/PlayerAvatar.tsx:8"
"ui.players_waiting_queue_016c9b6e","shared","Players & waiting queue","","candidate","client/src/components/GameMenu.tsx:37"
"ui.poke_dc87a50f","shared","Poke","","ui","client/src/components/PlayerSeat.tsx:37"
"ui.poke_the_table_070b4336","shared; social","Poke the table","","ui","client/src/components/GameMenu.tsx:46; client/src/components/PokeComposer.tsx:34"
"ui.preferences_9dfd349e","shared","Preferences","","candidate","client/src/components/GameMenu.tsx:58"
"ui.profile_5d45a009","shared","profile","","ui","client/src/components/HeaderAction.tsx:10"
"ui.propose_rules_bets_71b1c77b","shared","Propose rules & bets","","candidate","client/src/components/GameDetails.tsx:21"
"ui.r_06576556","shared","R","","ui","client/src/components/NotificationBell.tsx:97"
"ui.recent_activity_72d5617f","shared","Recent activity","","candidate","client/src/components/GameHistory.tsx:18"
"ui.recent_game_activity_f41932eb","shared","Recent game activity","","ui","client/src/components/GameHistory.tsx:21"
"ui.recent_server_events_newest_first_bc7cbb5c","shared","Recent server events · newest first","","candidate","client/src/components/GameHistory.tsx:34"
"ui.redeal_with_no_card_above_jack_4cd99eff","shared","Redeal with no card above Jack","","candidate","client/src/components/GameDetails.tsx:75"
"ui.redeal_with_no_spades_2458a0fe","shared","Redeal with no spades","","candidate","client/src/components/GameDetails.tsx:75"
"ui.reject_rules_23b1dae6","shared","Reject rules","","ui","client/src/components/RuleProposal.tsx:35"
"ui.requests_and_social_updates_da29b1fa","shared","Requests and social updates","","ui","client/src/components/NotificationBell.tsx:90"
"ui.review_rule_change_b0fcec92","shared","Review rule change","","ui","client/src/components/RuleProposal.tsx:21; client/src/components/RuleProposal.tsx:27"
"ui.revision_value_43f2c70d","shared","Revision {{value1}}","","candidate","client/src/components/GameHistory.tsx:31"
"ui.room_90e2fca9","shared","Room","","candidate","client/src/components/GameMenu.tsx:55"
"ui.rules_bb11a8e3","shared; marriage","Rules","","ui","client/src/components/GameDetails.tsx:91; client/src/components/GameDetails.tsx:93; client/src/components/GameMenu.tsx:52; client/src/components/MarriagePlayers.tsx:96; client/src/components/MarriagePlayers.tsx:98"
"ui.score_489f4877","shared; callbreak","Score","","ui","client/src/components/GameDetails.tsx:55; client/src/components/RoundSummary.tsx:21"
"ui.seat_available_f1ea1ff5","shared","Seat available","","candidate","client/src/components/NotificationBell.tsx:106"
"ui.sent_you_a_connection_request_b5e5b197","shared","sent you a connection request.","","candidate","client/src/components/NotificationBell.tsx:114"
"ui.session_expired_the_server_may_have_restarted_sign_out_f07c0819","shared","Session expired. The server may have restarted. Sign out to start a new session.","","candidate","client/src/multiplayer/apiResponse.ts:19"
"ui.share_table_a7d58e53","shared","Share table","","ui","client/src/components/GameMenu.tsx:56; client/src/components/GameTableHeader.tsx:101; client/src/components/GameTableHeader.tsx:101; client/src/components/ShareLink.tsx:97"
"ui.share_table_invitation_6ea6af84","shared","Share table invitation","","ui","client/src/components/ShareLink.tsx:99"
"ui.share_table_link_or_code_b6dc95df","shared","Share table link or code","","ui","client/src/components/GameTableHeader.tsx:65"
"ui.share_24897bc1","shared","Share…","","ui","client/src/components/ShareLink.tsx:99"
"ui.sharing_unavailable_table_ended_4b4f5e00","shared","Sharing unavailable · table ended","","candidate","client/src/components/ShareLink.tsx:35"
"ui.start_a_new_table_2d2102bc","shared","Start a new table","","ui","client/src/components/EndedTableNotice.tsx:11; client/src/components/EndedTableNotice.tsx:11"
"ui.stats_e350d5ce","shared; marriage","stats","","ui","client/src/components/GameDetails.tsx:91; client/src/components/MarriagePlayers.tsx:75; client/src/screens/MarriageTable.tsx:129"
"ui.stats_be763e9a","shared; marriage","Stats","","ui","client/src/components/GameDetails.tsx:91; client/src/components/GameDetails.tsx:93; client/src/screens/MarriageTable.tsx:129"
"ui.table_0424f6e7","shared","Table","","candidate","client/src/components/GameMenu.tsx:35"
"ui.table_chat_041cfb02","shared; social","Table Chat","","ui","client/src/components/GameMenu.tsx:36; client/src/components/TableSocial.tsx:220"
"ui.table_ended_251fd113","shared; marriage; flush","Table ended","","ui","client/src/components/EndedTableNotice.tsx:7; client/src/components/MarriagePlayers.tsx:61; client/src/screens/FlushTable.tsx:171"
"ui.table_theme_c54eaece","shared","Table theme","","ui","client/src/components/GameTableHeader.tsx:34; client/src/components/GameTableHeader.tsx:107; client/src/components/TableThemePicker.tsx:11"
"ui.table_theme_value_d8275025","shared","Table theme, {{value1}}","","ui","client/src/components/GameTableHeader.tsx:31"
"ui.the_game_changed_your_pending_action_was_not_retried_3d576a13","shared","The game changed. Your pending action was not retried.","","candidate","client/src/multiplayer/PendingGameAction.ts:30"
"ui.the_server_could_not_complete_this_request_please_try_a_89e9bf15","shared","The server could not complete this request. Please try again.","","candidate","client/src/multiplayer/apiResponse.ts:22"
"ui.the_server_returned_an_unexpected_response_please_try_a_87aab199","shared","The server returned an unexpected response. Please try again.","","candidate","client/src/multiplayer/apiResponse.ts:26"
"ui.theme_a797e309","shared","Theme","","ui","client/src/components/GameTableHeader.tsx:59; client/src/components/ThemeAction.tsx:18"
"ui.this_sign_in_did_not_start_in_this_app_session_or_has_e_794a904b","shared","This sign-in did not start in this app session or has expired. Please try again.","","candidate","client/src/auth/social.ts:49"
"ui.this_table_is_closed_the_room_is_still_open_49ba62da","shared","This table is closed. The room is still open.","","ui","client/src/components/EndedTableNotice.tsx:8"
"ui.trick_value_value_won_3a9bf3eb","shared","Trick {{value1}} · {{value2}} won","","ui","client/src/components/GameHistory.tsx:24"
"ui.tricks_e77498a1","shared","tricks","","ui","client/src/components/GameHistory.tsx:21"
"ui.tricks_a819dd7b","shared","Tricks","","ui","client/src/components/GameDetails.tsx:61"
"ui.waiting_for_the_host_value_value_seated_b7f2a9d6","shared","Waiting for the host · {{value1}}/{{value2}} seated","","ui","client/src/components/PreGameTable.tsx:13"
"ui.waiting_for_the_server_to_confirm_your_action_d2baddb2","shared","Waiting for the server to confirm your action.","","candidate","client/src/multiplayer/PendingGameAction.ts:38"
"ui.watch_or_join_the_waitlist_9c26b539","shared","Watch or join the waitlist","","candidate","client/src/components/NotificationBell.tsx:106"
"ui.won_b273fb28","shared","Won","","candidate","client/src/components/CardTable.tsx:61"
"ui.won_value_35884d37","shared","Won {{value1}}","","ui","client/src/components/GameDetails.tsx:48"
"ui.xmidymax_meet_0afe98b1","shared","xMidYMax meet","","candidate","client/src/components/NepaliLandscape.tsx:11"
"ui.yes_5397e058","shared","Yes","","candidate","client/src/components/RuleProposal.tsx:13"
"ui.you_905cb326","shared; callbreak; social; scores-and-ledger; rooms-and-tables","You","","ui","client/src/components/CardTable.tsx:52; client/src/components/DealStatusPanel.tsx:28; client/src/components/DealStatusPanel.tsx:51; client/src/components/FriendsPanel.tsx:127; client/src/components/GameDetails.tsx:29; client/src/components/RoomLedger.tsx:29; client/src/screens/CallBreakTableScreen.tsx:27; client/src/screens/LobbyScreen.tsx:49; client/src/screens/LobbyScreen.tsx:90; client/src/screens/LobbyScreen.tsx:156; client/src/screens/LobbyScreen.tsx:156; client/src/screens/SharedRoomsScreen.tsx:292"
"ui.you_re_all_caught_up_2266fe4b","shared","You’re all caught up","","ui","client/src/components/NotificationBell.tsx:95"
"ui.your_acceptance_is_recorded_waiting_for_every_seated_pl_c1e401e3","shared","Your acceptance is recorded. Waiting for every seated player to accept.","","ui","client/src/components/RuleProposal.tsx:31"
"ui.your_cards_37db2048","shared","Your cards","","candidate","client/src/components/HandTrayLabel.tsx:10"
"ui.your_cards_value_7f8beebd","shared; callbreak; marriage","Your cards · {{value1}}","","ui","client/src/components/HandTrayLabel.tsx:10; client/src/screens/LiveGameTable.tsx:194; client/src/screens/MarriageTable.tsx:109; client/src/screens/MarriageTable.tsx:155"
"ui.your_cards_are_ready_review_your_hand_82685e11","shared","Your cards are ready · review your hand","","candidate","client/src/notifications/gameNotification.ts:26"
"ui.your_turn_value_b17ca1e2","shared; flush","Your turn · {{value1}}","","ui","client/src/components/MobileGameHand.tsx:38; client/src/screens/FlushTable.tsx:195"
"ui.your_turn_return_to_the_table_df48f54b","shared","Your turn · return to the table","","candidate","client/src/notifications/gameNotification.ts:25"
"ui.your_turn_show_finish_or_discard_14606605","shared","Your turn · show, finish, or discard","","candidate","client/src/notifications/gameNotification.ts:18"
"ui.your_turn_take_a_card_fcab2eed","shared","Your turn · take a card","","candidate","client/src/notifications/gameNotification.ts:18"
"ui.your_turn_to_bid_d935b271","shared","Your turn to bid","","candidate","client/src/notifications/gameNotification.ts:25"
"ui.your_turn_to_play_a_card_694a0c50","shared","Your turn to play a card","","candidate","client/src/notifications/gameNotification.ts:25"
"ui.your_waitlist_position_value_4dcc300e","shared","Your waitlist position: {{value1}}","","ui","client/src/components/GameMenu.tsx:43"
"ui.zero_means_no_bet_amounts_record_your_agreement_no_mone_e4a8f6b7","shared","Zero means no bet. Amounts record your agreement; no money is transferred. Tied placements require agreement between players.","","ui","client/src/components/GameDetails.tsx:84"
"ui._value_dbd8ea6e","social; rooms-and-tables","· {{value1}}","","candidate","client/src/components/RoomChat.tsx:90; client/src/components/RoomGameControl.tsx:392"
"ui.value_value_ef0a8392","social; marriage; rooms-and-tables; flush","{{value1}} · {{value2}}","","ui","client/src/components/FriendsPanel.tsx:127; client/src/components/MarriagePlayers.tsx:80; client/src/components/PokeOverlay.tsx:34; client/src/components/TableCard.tsx:15; client/src/components/TableCard.tsx:17; client/src/screens/FlushTable.tsx:175; client/src/screens/SharedRoomsScreen.tsx:288"
"ui.value_sent_you_value_7d8939e6","social","{{value1}} sent you {{value2}}!","","ui","client/src/components/TableReactionFlight.tsx:50"
"ui.value_value_abe1ec7d","social","{{value1}}/{{value2}}","","ui","client/src/components/ChatComposer.tsx:32"
"ui.value_value_value_value_saved_51545b97","social","{{value1}}/{{value2}} · {{value3}}/{{value4}} saved","","ui","client/src/components/PlayerPhrases.tsx:48"
"ui.value_value_saved_a26e4c36","social","{{value1}}/{{value2}} saved","","ui","client/src/components/PokeComposer.tsx:39"
"ui._value_0a5edda5","social","@{{value1}}","","ui","client/src/components/FriendsPanel.tsx:89"
"ui._save_phrase_5efe463d","social","+ Save phrase","","ui","client/src/components/PokeComposer.tsx:41"
"ui._just_for_you_1fc04b2d","social","✦ JUST FOR YOU","","candidate","client/src/components/PokeOverlay.tsx:34"
"ui._table_talk_6987c60a","social","✦ TABLE TALK","","candidate","client/src/components/PokeOverlay.tsx:34"
"ui.a_keyword_or_punchline_a06fd375","social","A keyword or punchline…","","ui","client/src/components/PlayerPhrases.tsx:43"
"ui.accept_bb54db51","social; shared","Accept","","ui","client/src/components/FriendsPanel.tsx:106; client/src/components/NotificationBell.tsx:117"
"ui.add_friend_e0a731d8","social","Add friend","","ui","client/src/components/FriendsPanel.tsx:103"
"ui.already_connected_15bd6330","social","Already connected","","ui","client/src/components/FriendsPanel.tsx:102"
"ui.apple_476432a3","social","Apple","","candidate","client/src/components/SocialSignInButtons.tsx:38"
"ui.cancel_77dfd213","social; callbreak; rooms-and-tables","Cancel","","ui","client/src/components/FriendsPanel.tsx:110; client/src/components/PlayerHand.tsx:148; client/src/components/PlayerPhrases.tsx:40; client/src/components/RoomCard.tsx:75; client/src/screens/SharedRoomsScreen.tsx:313"
"ui.cancel_editing_26bbc04f","social","Cancel editing","","ui","client/src/components/PlayerPhrases.tsx:40"
"ui.chat_is_paused_91ea59a8","social","Chat is paused","","candidate","client/src/components/RoomChat.tsx:63"
"ui.chat_with_value_5b0c4dce","social","Chat with {{value1}}","","ui","client/src/components/FriendsPanel.tsx:118"
"ui.cheers_e24e31e4","social","Cheers","","ui","client/src/multiplayer/tableReactions.ts:5"
"ui.choose_a_player_659d2ced","social","Choose a player","","ui","client/src/components/TableSocial.tsx:192"
"ui.choose_a_reaction_everyone_at_this_table_can_see_it_ad05ea3e","social","Choose a reaction. Everyone at this table can see it.","","ui","client/src/components/TableSocial.tsx:202"
"ui.clap_b4163e5a","social","Clap","","ui","client/src/multiplayer/tableReactions.ts:4"
"ui.close_poke_composer_b95cbe98","social","Close poke composer","","ui","client/src/components/PokeComposer.tsx:34"
"ui.close_poke_tools_ad0a9abe","social","Close poke tools","","ui","client/src/components/TableSocial.tsx:191"
"ui.close_private_chat_f4928d09","social","Close private chat","","ui","client/src/components/FriendsPanel.tsx:118"
"ui.close_table_chat_7aac8e95","social","Close table chat","","ui","client/src/components/TableSocial.tsx:220"
"ui.could_not_confirm_delivery_check_the_conversation_befor_afbf093d","social","Could not confirm delivery. Check the conversation before sending again.","","candidate","client/src/multiplayer/TableSocialChannel.ts:27"
"ui.could_not_load_chat_3ca525fe","social","Could not load chat.","","candidate","client/src/components/RoomChat.tsx:66"
"ui.could_not_load_friends_3c439937","social","Could not load friends.","","candidate","client/src/components/FriendsPanel.tsx:43"
"ui.could_not_load_messages_f00aec8c","social","Could not load messages.","","candidate","client/src/components/FriendsPanel.tsx:55"
"ui.could_not_load_punchlines_5bbb8bc1","social","Could not load punchlines.","","candidate","client/src/multiplayer/usePlayerPhrases.ts:24"
"ui.could_not_search_players_ef14b1a6","social","Could not search players.","","candidate","client/src/components/FriendsPanel.tsx:65"
"ui.could_not_send_message_d3aeae0b","social","Could not send message.","","candidate","client/src/components/FriendsPanel.tsx:83; client/src/components/RoomChat.tsx:84"
"ui.could_not_send_your_poke_c462762a","social","Could not send your poke.","","candidate","client/src/components/PokeComposer.tsx:31"
"ui.could_not_sign_in_please_try_again_0162d635","social","Could not sign in. Please try again.","","candidate","client/src/components/SocialSignInButtons.tsx:32"
"ui.could_not_update_friendship_836014f3","social","Could not update friendship.","","candidate","client/src/components/FriendsPanel.tsx:72"
"ui.could_not_update_punchlines_89e0e87b","social","Could not update punchlines.","","candidate","client/src/components/PlayerPhrases.tsx:22"
"ui.decline_b59cf9ed","social; shared","Decline","","ui","client/src/components/FriendsPanel.tsx:107; client/src/components/NotificationBell.tsx:101; client/src/components/NotificationBell.tsx:109; client/src/components/NotificationBell.tsx:118"
"ui.dismiss_social_error_43ce2d5d","social","Dismiss social error","","ui","client/src/components/TableSocial.tsx:212"
"ui.edit_phrase_value_0d3e260e","social","Edit phrase {{value1}}","","ui","client/src/components/PlayerPhrases.tsx:32"
"ui.editing_phrase_34ed26be","social","Editing phrase","","ui","client/src/components/PlayerPhrases.tsx:39"
"ui.everyone_in_this_room_will_see_it_918afff4","social","Everyone in this room will see it.","","candidate","client/src/components/PokeComposer.tsx:47"
"ui.facebook_82da67b2","social","Facebook","","candidate","client/src/components/SocialSignInButtons.tsx:38"
"ui.find_a_player_by_username_or_display_name_manage_reques_f172fb59","social","Find a player by username or display name, manage requests, and message your connections.","","ui","client/src/components/FriendsPanel.tsx:94"
"ui.find_players_9536474a","social","Find players","","ui","client/src/components/FriendsPanel.tsx:96"
"ui.friends_c11d5e1d","social; rooms-and-tables","Friends","","ui","client/src/components/FriendsPanel.tsx:93; client/src/components/LobbyNavigation.tsx:12"
"ui.laugh_99ae9ab2","social","Laugh","","ui","client/src/multiplayer/tableReactions.ts:6"
"ui.love_4f61ec4d","social","Love","","ui","client/src/multiplayer/tableReactions.ts:2"
"ui.message_68f4145f","social","Message","","ui","client/src/components/FriendsPanel.tsx:114"
"ui.message_value_824eef77","social","Message {{value1}}","","ui","client/src/components/FriendsPanel.tsx:122"
"ui.my_goofy_phrases_value_6347dcfb","social","My goofy phrases · {{value1}}","","ui","client/src/components/PlayerPhrases.tsx:27"
"ui.new_personal_phrase_value_characters_maximum_cdc22b77","social","New personal phrase, {{value1}} characters maximum","","ui","client/src/components/PlayerPhrases.tsx:42"
"ui.no_friends_yet_44857a0d","social","No friends yet.","","ui","client/src/components/FriendsPanel.tsx:112"
"ui.no_messages_yet_c04921f8","social","No messages yet","","ui","client/src/components/RoomChat.tsx:99"
"ui.no_messages_yet_048dda89","social","No messages yet.","","ui","client/src/components/FriendsPanel.tsx:125"
"ui.no_other_seated_players_to_poke_yet_bc2aace8","social","No other seated players to poke yet.","","ui","client/src/components/TableSocial.tsx:201"
"ui.only_value_will_see_this_message_ff1ff966","social","Only {{value1}} will see this message.","","candidate","client/src/components/PokeComposer.tsx:47"
"ui.pinch_d26b5595","social","Pinch","","ui","client/src/multiplayer/tableReactions.ts:3"
"ui.player_889c6853","social","player","","ui","client/src/components/TableSocial.tsx:191"
"ui.playful_hammer_5889ec89","social","Playful hammer","","ui","client/src/multiplayer/tableReactions.ts:7"
"ui.poke_a_player_221a3044","social","Poke a player","","ui","client/src/components/TableSocial.tsx:217"
"ui.poke_message_value_characters_maximum_22683016","social","Poke message, {{value1}} characters maximum","","ui","client/src/components/PokeComposer.tsx:38"
"ui.poke_sent_25951d57","social","Poke sent","","ui","client/src/components/TableSocial.tsx:217"
"ui.reconnect_before_sending_a_poke_561f4525","social","Reconnect before sending a poke.","","candidate","client/src/multiplayer/useRoomPokes.ts:11"
"ui.reconnecting_8a8b9561","social","Reconnecting…","","ui","client/src/components/TableSocial.tsx:228"
"ui.reconnecting_send_when_you_re_back_c4c88981","social","Reconnecting… send when you’re back.","","ui","client/src/components/PokeComposer.tsx:45"
"ui.remove_e963907d","social","Remove","","ui","client/src/components/FriendsPanel.tsx:115"
"ui.remove_punchline_value_eaa71ac6","social","Remove punchline {{value1}}","","ui","client/src/components/PlayerPhrases.tsx:36"
"ui.requests_received_1293b33a","social","Requests received","","ui","client/src/components/FriendsPanel.tsx:105"
"ui.requests_sent_a028b0ea","social","Requests sent","","ui","client/src/components/FriendsPanel.tsx:109"
"ui.save_efc007a3","social","Save","","candidate","client/src/components/PlayerPhrases.tsx:47"
"ui.save_personal_phrase_1b7aa428","social","Save personal phrase","","ui","client/src/components/PlayerPhrases.tsx:46"
"ui.saved_to_your_phrases_04e69dfa","social","Saved to your phrases.","","candidate","client/src/components/PokeComposer.tsx:29"
"ui.say_something_to_get_the_table_going_0d6cad5c","social","Say something to get the table going.","","ui","client/src/components/RoomChat.tsx:99"
"ui.search_bce06414","social; rooms-and-tables","Search","","ui","client/src/components/FriendsPanel.tsx:99; client/src/components/RoomGameControl.tsx:385; client/src/screens/SharedRoomsScreen.tsx:401"
"ui.send_value_90767895","social","Send {{value1}}","","ui","client/src/components/TableSocial.tsx:204"
"ui.send_chat_message_251599e5","social","Send chat message","","candidate","client/src/components/ChatComposer.tsx:7"
"ui.send_poke_to_value_0c1c4203","social","Send poke to {{value1}}","","candidate","client/src/components/PokeComposer.tsx:38"
"ui.send_privately_69083667","social","Send privately","","candidate","client/src/components/FriendsPanel.tsx:122"
"ui.send_table_message_724dcee2","social","Send table message","","candidate","client/src/components/TableSocial.tsx:231"
"ui.sign_in_before_updating_your_phrases_8340023e","social","Sign in before updating your phrases.","","candidate","client/src/multiplayer/usePlayerPhrases.ts:32"
"ui.signing_in_with_value_9865893d","social","Signing in with {{value1}}…","","ui","client/src/components/SocialSignInButtons.tsx:43"
"ui.social_action_rejected_3559fa5f","social","Social action rejected.","","candidate","client/src/multiplayer/TableSocialChannel.ts:22"
"ui.social_request_cancelled_16ca6dd7","social","Social request cancelled.","","candidate","client/src/multiplayer/TableSocialChannel.ts:18"
"ui.start_the_table_conversation_67e07649","social","Start the table conversation.","","ui","client/src/components/TableSocial.tsx:224"
"ui.table_chatvalue_b8478d82","social","Table Chat{{value1}}","","ui","client/src/components/TableSocial.tsx:214"
"ui.table_message_37913675","social","Table message","","ui","client/src/components/TableSocial.tsx:231"
"ui.update_fb91e24f","social","Update","","candidate","client/src/components/PlayerPhrases.tsx:47"
"ui.username_or_display_name_90828b52","social","Username or display name","","ui","client/src/components/FriendsPanel.tsx:97"
"ui.waiting_players_can_read_take_a_seat_to_chat_4029c89d","social","Waiting players can read. Take a seat to chat.","","ui","client/src/components/TableSocial.tsx:232"
"ui.write_a_private_message_c292e8d4","social","Write a private message","","ui","client/src/components/FriendsPanel.tsx:122"
"ui.you_have_no_saved_goofy_phrases_yet_write_one_below_and_043d0bb6","social","You have no saved goofy phrases yet. Write one below and save it for this and future games.","","ui","client/src/components/PokeComposer.tsx:49"
"ui.your_friends_d2b3ee8a","social","Your friends","","ui","client/src/components/FriendsPanel.tsx:111"
"ui.your_keywords_and_inside_jokes_save_up_to_value_phrases_806d8e72","social","Your keywords and inside jokes. Save up to {{value1}} phrases, each up to {{value2}} characters, and use them from Poke the table during any game.","","ui","client/src/components/PlayerPhrases.tsx:30"
"ui.your_own_little_punchline_b0938d98","social","Your own little punchline…","","ui","client/src/components/PokeComposer.tsx:38"
"ui.your_turn_return_to_game_5d0e870b","social","Your turn · Return to game","","ui","client/src/components/TableSocial.tsx:222"
